match_num,teams,match_id,winner
0,"Ezreal,Lux,Ekko,LeeSin,Aatrox,Garen,Khazix,Caitlyn,Lissandra,Leona",2932888061,1
1,"Aatrox,Leblanc,Amumu,Nami,Kaisa,Khazix,Lucian,Lux,Fiora,Braum",2932889954,1
2,"Kindred,Zyra,Jhin,Fiora,Alistar,Anivia,Fiddlesticks,Twitch,Sion,Gragas",2932829293,1
3,"Fiora,Zed,KogMaw,Lulu,Evelynn,TwistedFate,Akali,Camille,Jhin,Leona",2932385532,1
4,"Twitch,Karma,Kayle,Shen,Shyvana,Khazix,Lucian,Udyr,Orianna,Thresh",2931666581,0
5,"Yasuo,Irelia,Kayn,Soraka,Draven,Blitzcrank,Camille,TwistedFate,Kaisa,Sion",2931305729,1
6,"Sion,Lucian,Lux,Neeko,Kayn,Viktor,Kaisa,Sona,Riven,Trundle",2931283134,0
7,"Thresh,Jhin,Aatrox,Evelynn,Ahri,Kaisa,LeeSin,Poppy,Swain,Alistar",2931249837,1
8,"Fiora,Vayne,Khazix,Yasuo,Karma,Vi,Irelia,Riven,Fiddlesticks,Jhin",2921806006,1
9,"Fiddlesticks,Fizz,Talon,Camille,Kindred,Khazix,Aatrox,Kaisa,Velkoz,Pantheon",2921756931,1
10,"Syndra,Thresh,Lucian,Riven,Hecarim,Ezreal,Nami,Camille,Jax,Malzahar",2930784499,0
11,"Jax,Taric,Caitlyn,Gragas,Warwick,Zyra,Kayn,Riven,Ezreal,Talon",2930790574,1
12,"Malzahar,Twitch,Graves,Thresh,Irelia,Jinx,Soraka,Amumu,Jax,Yasuo",2930246708,1
13,"Ryze,Jax,RekSai,Varus,Thresh,Velkoz,Gragas,Lucian,Fiora,Yasuo",2930241745,0
14,"Jax,Brand,Khazix,Karthus,Jhin,Maokai,Draven,Galio,Shaco,Soraka",2929413795,0
15,"Ezreal,Brand,Cassiopeia,Shaco,Riven,Jax,LeeSin,Zyra,Gragas,Jhin",2929386562,1
16,"Kaisa,Nami,Fizz,Khazix,Shen,Leona,Yasuo,Katarina,JarvanIV,Urgot",2925489890,1
17,"Lux,Kayn,Darius,Zyra,Caitlyn,Kaisa,Katarina,Khazix,Jax,Zilean",2925443785,1
18,"Kayn,Kaisa,Ahri,Lux,Jax,Kled,Kassadin,JarvanIV,Heimerdinger,Thresh",2917302572,0
19,"Irelia,Sion,Sona,Ezreal,Amumu,Ekko,Jax,Graves,Zoe,Jhin",2917208557,1
20,"Tryndamere,Khazix,Braum,Malphite,Kaisa,Jhin,Brand,Irelia,Ivern,Gangplank",2880631429,0
21,"Lux,Aatrox,Gragas,Leona,Gangplank,Brand,Khazix,Lucian,Annie,Malphite",2880557136,0
22,"Brand,Orianna,Draven,Gragas,JarvanIV,Kassadin,Kayn,Thresh,Riven,Jhin",2880507790,0
23,"Kaisa,Pyke,Yasuo,Taliyah,Fiora,JarvanIV,Draven,Braum,Ziggs,Aatrox",2880483754,0
24,"Yasuo,Talon,Thresh,Sion,Kayn,Urgot,Soraka,Zed,Lucian,Shyvana",2880448973,0
25,"Zac,Sion,Alistar,Singed,Lucian,Heimerdinger,Kennen,Brand,Nidalee,Jinx",2876642925,1
26,"Tristana,Fizz,Irelia,Nidalee,Rakan,MasterYi,Thresh,DrMundo,Lucian,Sion",2876589266,1
27,"Khazix,Ryze,Brand,Fizz,Tristana,MissFortune,Kassadin,Camille,Pyke,Pantheon",2876569354,1
28,"Camille,LeeSin,Thresh,Caitlyn,Annie,XinZhao,Renekton,Gragas,Nami,Vayne",2876249348,0
29,"Tristana,Rammus,TwistedFate,Brand,Aatrox,Lucian,Sion,LeeSin,Zyra,Garen",2876206284,0
30,"Fiora,Vayne,Khazix,Yasuo,Karma,Vi,Irelia,Riven,Fiddlesticks,Jhin",2921806006,1
31,"Fiddlesticks,Fizz,Talon,Camille,Kindred,Khazix,Aatrox,Kaisa,Velkoz,Pantheon",2921756931,1
32,"Draven,Jax,Ekko,Khazix,Teemo,Sion,Lucian,Alistar,Velkoz,Kindred",2896512839,1
33,"Kaisa,Soraka,Leblanc,Rengar,Camille,Kassadin,Lulu,Lucian,Fiora,Riven",2896184701,1
34,"Zoe,DrMundo,Nami,MasterYi,Sivir,Fiora,LeeSin,Rumble,Xayah,Leona",2896165348,0
35,"Garen,Lucian,Thresh,LeeSin,Fizz,Olaf,Ekko,Bard,Caitlyn,Aatrox",2896126248,1
36,"Poppy,Lulu,Irelia,Fiddlesticks,Twitch,Orianna,Draven,Taliyah,Aatrox,Nami",2896018144,1
37,"Ezreal,Nami,Mordekaiser,MonkeyKing,Chogath,TwistedFate,Shen,Riven,Malphite,Lucian",2896022336,0
38,"Kayn,Kaisa,Viktor,Ekko,Rakan,Nidalee,Vladimir,Sion,Thresh,Lucian",2894689889,1
39,"Ornn,Pyke,Irelia,Kaisa,Taliyah,Morgana,MissFortune,Lulu,Twitch,Urgot",2894663156,0
40,"Kaisa,Camille,Yasuo,Irelia,Zyra,Sivir,Kayn,Garen,Lulu,Lissandra",2908023739,1
41,"Kayn,Mordekaiser,Draven,Viktor,Lux,Sona,Velkoz,Sivir,XinZhao,Irelia",2907986521,1
42,"Pyke,Jinx,Jax,Velkoz,Amumu,Urgot,Soraka,XinZhao,Sivir,Yasuo",2907956013,0
43,"Viktor,Khazix,Malzahar,Tristana,Gragas,Camille,DrMundo,Akali,Draven,Nami",2907897749,1
44,"TwistedFate,Nami,Urgot,Draven,Fiddlesticks,Thresh,Orianna,Sivir,XinZhao,Sion",2907876356,0
45,"Thresh,Heimerdinger,Karthus,Riven,Ashe,Kaisa,Lulu,Zilean,Shaco,Poppy",2907835584,1
46,"Ahri,Kaisa,Sion,LeeSin,Brand,Kayn,Morgana,Yasuo,Shen,Draven",2905405308,1
47,"Xayah,Rakan,Irelia,Urgot,Amumu,Ezreal,Pyke,Shen,XinZhao,Vladimir",2905391955,0
48,"Lissandra,Zyra,Draven,Camille,Rengar,Kalista,JarvanIV,Rumble,Kassadin,Rakan",2905140138,0
49,"Nocturne,Thresh,Gragas,Tristana,XinZhao,Xayah,Irelia,Sona,Pantheon,Kassadin",2905130893,0
50,"Lulu,Pantheon,Jax,Ezreal,Ahri,Tryndamere,Fiddlesticks,Vayne,TwistedFate,MonkeyKing",2931707522,0
51,"TwistedFate,Riven,Lulu,Lucian,Graves,Rammus,Fiddlesticks,Leblanc,Soraka,KogMaw",2931702331,0
52,"Kayn,Leblanc,Pyke,Neeko,Kled,Gangplank,Braum,Khazix,Ashe,Shaco",2931677604,1
53,"Kassadin,Irelia,MissFortune,Nami,LeeSin,Khazix,Akali,Neeko,Lucian,Veigar",2931691082,0
54,"Graves,Leblanc,Riven,Ezreal,Blitzcrank,Jax,Urgot,Lucian,Thresh,Malzahar",2926709573,1
55,"Zoe,Ezreal,Sion,Brand,Khazix,Akali,Darius,Evelynn,Xayah,Zyra",2926703205,0
56,"MissFortune,Chogath,Ekko,Thresh,Irelia,Vayne,Camille,Zyra,Zoe,Fiora",2911990569,1
57,"Kassadin,Graves,Alistar,Maokai,Lucian,Pyke,Annie,Ezreal,Pantheon,Trundle",2894862497,1
58,"Camille,Leona,Kaisa,Katarina,Riven,Swain,Khazix,Sivir,Lux,Viktor",2894845444,1
59,"Kaisa,Zilean,Orianna,Khazix,Sion,Garen,Lucian,Pyke,Nunu,Velkoz",2882293928,1
60,"Kaisa,JarvanIV,Janna,Darius,Xerath,Ryze,Lucian,Kindred,Fiora,Thresh",2904288277,1
61,"Ahri,Graves,Lucian,Urgot,Nami,Vayne,Zoe,Alistar,Aatrox,Trundle",2904273711,1
62,"Rakan,Kalista,Fiora,Jax,Leblanc,Jinx,Ahri,Brand,Elise,Urgot",2901723970,0
63,"XinZhao,Zilean,Draven,Karma,Teemo,Janna,TahmKench,Kaisa,Aatrox,Kindred",2897492801,0
64,"Diana,Teemo,Kaisa,Graves,Taric,Ahri,Sona,Pantheon,Jax,Twitch",2897414331,0
65,"Lissandra,Thresh,LeeSin,Vladimir,Rengar,Ryze,Sivir,Rammus,Karma,Katarina",2897289327,0
66,"Udyr,Sona,Ahri,Urgot,Kaisa,Lucian,Irelia,Hecarim,Lulu,Kindred",2896772038,1
67,"Janna,Draven,Morgana,Udyr,Kennen,Taric,Ezreal,Kled,Katarina,Amumu",2896721975,0
68,"Rakan,Kled,LeeSin,Lux,Xayah,XinZhao,Lucian,Sona,Swain,Sion",2896695979,0
69,"Lucian,Karthus,Janna,Graves,Zed,Leblanc,Xayah,Ivern,Rengar,Irelia",2895760397,0
70,"Ashe,Teemo,Velkoz,TahmKench,Kayn,Amumu,Lucian,Zyra,Leblanc,Jayce",2924103555,0
71,"Lissandra,Fiddlesticks,Jhin,Sion,JarvanIV,Garen,Thresh,Kaisa,Graves,Anivia",2910718466,1
72,"Evelynn,Yasuo,Sivir,Pyke,Garen,Thresh,MissFortune,Irelia,XinZhao,Ornn",2901893059,1
73,"Ekko,Draven,Thresh,Darius,Graves,Kennen,Fizz,XinZhao,Ashe,Pyke",2901874322,0
74,"Azir,XinZhao,Lucian,Thresh,Aatrox,MonkeyKing,Kennen,Kassadin,Ezreal,Nautilus",2898865797,0
75,"Renekton,Thresh,Draven,Zac,Malzahar,Gragas,Poppy,Yasuo,Ezreal,Lux",2898280358,0
76,"Sion,Thresh,Shaco,Jhin,Malzahar,Brand,Ekko,Viktor,Ezreal,XinZhao",2896816801,1
77,"Lissandra,LeeSin,Draven,Thresh,Lucian,Graves,Blitzcrank,Aatrox,Leblanc,Caitlyn",2895328685,1
78,"Jax,Bard,Orianna,LeeSin,Ezreal,Kayn,Zyra,Garen,Lucian,Ziggs",2895296658,0
79,"Braum,Xayah,XinZhao,Zed,Illaoi,Lissandra,Thresh,Zilean,Lucian,Ivern",2895013467,1
80,"Leona,Annie,Pantheon,Singed,Heimerdinger,Lucian,Darius,Brand,LeeSin,Lissandra",2929801755,1
81,"Ezreal,KogMaw,Xerath,Kaisa,LeeSin,Lucian,Graves,Thresh,Yasuo,Yorick",2929770545,1
82,"Gragas,Jhin,Veigar,Pantheon,Fiddlesticks,Olaf,Viktor,Vayne,Neeko,Taric",2925495452,0
83,"Aatrox,Hecarim,Fizz,Sivir,Brand,Lucian,Soraka,Leblanc,Rammus,Pantheon",2902181448,0
84,"Jax,Leblanc,Udyr,Lucian,Thresh,Ezreal,Aatrox,Malzahar,LeeSin,Soraka",2882132022,1
85,"Syndra,DrMundo,Hecarim,Zoe,Jhin,Irelia,Xerath,Vayne,Zed,Gragas",2863726203,1
86,"Kaisa,Kayn,Kled,Thresh,Syndra,Udyr,Viktor,Sona,MissFortune,Fiora",2859563309,1
87,"Kindred,Jayce,Nami,Kaisa,Syndra,Blitzcrank,Xayah,Kayn,Camille,TwistedFate",2842753001,0
88,"Nami,Taliyah,Darius,Kaisa,Ahri,MonkeyKing,Draven,LeeSin,Akali,Blitzcrank",2842727251,1
89,"Ziggs,Morgana,Jhin,Fiora,Graves,Shyvana,Syndra,Akali,Caitlyn,Sona",2842732685,1
90,"Bard,Pantheon,LeeSin,Lucian,Leblanc,Fiora,Lux,Zed,Amumu,Kaisa",2928390613,1
91,"Brand,Sion,Xerath,Taliyah,Kalista,Ashe,Fiora,LeeSin,Ahri,Soraka",2895175142,0
92,"Ezreal,Khazix,Shen,Ekko,Fiddlesticks,Irelia,LeeSin,Gragas,Jayce,Lucian",2894816767,0
93,"Heimerdinger,Velkoz,Tryndamere,Ahri,Nocturne,MonkeyKing,LeeSin,Kaisa,Ekko,Fiddlesticks",2894779223,1
94,"Nasus,Heimerdinger,Morgana,Graves,Leblanc,JarvanIV,Thresh,Kaisa,Ekko,LeeSin",2894770213,0
95,"Vladimir,Ezreal,Graves,Alistar,Sion,Zyra,Ekko,LeeSin,Garen,Jhin",2894752598,1
96,"Ekko,LeeSin,Morgana,Viktor,Jhin,Zoe,Aatrox,Lulu,Varus,Gragas",2894712994,0
97,"Irelia,Kaisa,Pyke,Taliyah,Sion,Rakan,Fiora,Viktor,Xayah,LeeSin",2894036097,0
98,"Sona,Leblanc,Jinx,XinZhao,Viktor,Kaisa,LeeSin,Zed,Nasus,Velkoz",2893568569,0
99,"XinZhao,Rakan,Sivir,Veigar,Viktor,Zed,Leblanc,Ezreal,Kayle,Nocturne",2893564445,0
100,"Jhin,Swain,Singed,Hecarim,Thresh,Aatrox,Zyra,Ekko,Ezreal,LeeSin",2932908698,1
101,"Jayce,Jinx,Thresh,Brand,Volibear,Singed,Khazix,Swain,Soraka,Vayne",2932902735,0
102,"Renekton,Vi,MissFortune,Zilean,Velkoz,Ryze,Viktor,Pyke,Ezreal,Kayn",2918114969,0
103,"Kayn,Zyra,Lux,Kled,Lucian,Heimerdinger,Shaco,Khazix,Leona,TwistedFate",2912444855,1
104,"Khazix,Urgot,Nautilus,Kindred,Zed,Swain,Yasuo,Lucian,Kayn,TwistedFate",2911784141,1
105,"MasterYi,Sion,Swain,Jhin,Kassadin,Soraka,Kayn,Lucian,Morgana,Darius",2911779190,0
106,"XinZhao,Taric,Vayne,Yasuo,Xayah,Kayn,Sion,Soraka,Sivir,Kayle",2911766339,1
107,"Nocturne,Vladimir,Janna,Ryze,Sivir,Braum,Tristana,Kayn,Aatrox,Malzahar",2905507919,0
108,"Sion,Nami,Katarina,RekSai,Jinx,Yasuo,Rakan,Lucian,MonkeyKing,Aatrox",2902766596,1
109,"Sion,Diana,Pyke,Kaisa,Kindred,Thresh,Draven,Jax,Irelia,Kennen",2902628320,1
110,"Teemo,Elise,Ahri,Thresh,Lucian,Jhin,Sona,MonkeyKing,Camille,Gangplank",2932651739,0
111,"Elise,Jax,Lucian,Fiddlesticks,Aatrox,Gragas,Thresh,Kaisa,Malzahar,Nasus",2932650124,0
112,"Nami,Urgot,Khazix,Draven,Ryze,Yasuo,Gragas,Illaoi,Jhin,Zyra",2929662462,0
113,"Diana,Gragas,Ekko,Soraka,Lucian,Vladimir,Leona,Caitlyn,Rammus,Riven",2928166387,0
114,"Twitch,Ekko,Lulu,Rammus,Riven,Camille,Kaisa,Aatrox,Thresh,Illaoi",2928147144,0
115,"Leona,LeeSin,Ezreal,Cassiopeia,Aatrox,Vayne,Renekton,Camille,Fiddlesticks,Malzahar",2927450633,0
116,"Shaco,Brand,Caitlyn,Shyvana,Aatrox,Jax,Kaisa,Alistar,Nunu,Fizz",2926852655,1
117,"Kaisa,Warwick,Katarina,Shaco,Urgot,Elise,Zed,Renekton,Varus,Neeko",2926842309,1
118,"Ezreal,Thresh,Urgot,Aatrox,Warwick,Viktor,Jax,Karma,Jhin,Zed",2925898829,1
119,"Elise,Neeko,Shen,Draven,Xerath,Jhin,Udyr,Camille,Zoe,Alistar",2925897804,0
120,"Jhin,Soraka,Orianna,Riven,Camille,Lissandra,Ezreal,Pyke,Khazix,Sion",2920789520,1
121,"Orianna,LeeSin,Lucian,Renekton,Alistar,Bard,Gragas,Riven,Jhin,Ekko",2920795526,1
122,"Darius,XinZhao,Orianna,Leona,Vayne,Nidalee,Lucian,Lux,Sona,Jax",2919739112,1
123,"Malzahar,Shyvana,Thresh,Karthus,Poppy,Nautilus,Kayn,Nidalee,Ahri,Xayah",2918587034,1
124,"Jhin,Darius,Lux,LeeSin,Nami,Elise,Orianna,Sion,Cassiopeia,Alistar",2918593267,1
125,"Hecarim,Nasus,Draven,Lulu,Lux,Ezreal,Orianna,Shen,MonkeyKing,LeeSin",2916446811,0
126,"Sivir,Soraka,Khazix,Viktor,Orianna,Graves,Jhin,Sion,Lux,Leblanc",2916431280,0
127,"Sion,Malphite,Graves,Chogath,Jhin,Nasus,Vayne,Leona,Orianna,Kindred",2916416111,1
128,"Teemo,Yasuo,Pyke,LeeSin,Ezreal,Urgot,Kaisa,Lulu,Orianna,Kayn",2916402259,0
129,"Vayne,Zyra,XinZhao,Riven,Leblanc,Nami,AurelionSol,Varus,LeeSin,Renekton",2916386517,1
130,"Garen,Zoe,Xayah,Pyke,Graves,Khazix,Singed,Zed,Kaisa,Thresh",2928182987,1
131,"Yasuo,JarvanIV,Thresh,Vayne,Syndra,Camille,Ekko,Ashe,Zilean,Kayle",2897656544,1
132,"Velkoz,Talon,Tristana,Kayn,Jax,Urgot,Leona,Ekko,Khazix,Kaisa",2879924627,0
133,"Braum,Lucian,Kayn,Fizz,Aatrox,JarvanIV,Thresh,Akali,Lux,Draven",2879893883,1
134,"Soraka,Malzahar,Jax,Riven,Draven,Tristana,Akali,Nami,Khazix,Fizz",2879874333,0
135,"Nami,LeeSin,Garen,Ryze,Vayne,TahmKench,Karma,Zoe,XinZhao,Kaisa",2879742406,0
136,"Pyke,Nasus,Lucian,Taliyah,Graves,TwistedFate,Camille,Jhin,Sion,Leona",2878325489,1
137,"Lucian,Graves,Irelia,Renekton,Brand,Vladimir,Lulu,Kayn,Aatrox,Velkoz",2860887439,0
138,"Ezreal,Ryze,Urgot,Janna,Gragas,Thresh,Kaisa,Darius,MonkeyKing,Cassiopeia",2860267300,1
139,"Irelia,Thresh,Jax,LeeSin,Yasuo,Graves,Xayah,Singed,Shen,Ekko",2859306344,0
140,"Rengar,Ezreal,Kassadin,Sona,Anivia,Malphite,Thresh,Draven,Kayn,Riven",2931631274,0
141,"Urgot,Janna,Lucian,Ekko,Udyr,Sona,Jhin,Yasuo,Chogath,Khazix",2919178483,1
142,"Khazix,Zyra,Teemo,Swain,Ezreal,Lucian,Fiddlesticks,XinZhao,Malphite,Hecarim",2919170337,0
143,"Bard,Jhin,Hecarim,Annie,Irelia,Khazix,Brand,Ekko,Riven,Lucian",2918945947,1
144,"Vayne,Sona,Riven,Veigar,Shaco,Jax,Orianna,Xerath,Zilean,Pantheon",2918929832,0
145,"Karma,Fiddlesticks,MasterYi,Heimerdinger,Darius,LeeSin,Nami,Irelia,Ezreal,Yasuo",2918822971,0
146,"Fizz,Heimerdinger,Ziggs,Kayn,Illaoi,Shyvana,Gangplank,Caitlyn,Ekko,Pyke",2903508120,0
147,"Syndra,Draven,Thresh,RekSai,Shen,Gragas,Jinx,Jax,Lulu,Zilean",2889364355,1
148,"Blitzcrank,Kaisa,MasterYi,Darius,Syndra,Swain,Nami,Akali,MissFortune,Warwick",2889346683,0
149,"Ezreal,Rengar,Lissandra,Renekton,Soraka,Nami,Khazix,Tryndamere,Kaisa,Ziggs",2889340923,0
150,"Sion,Kindred,Varus,Talon,Sona,Ahri,Draven,Fiddlesticks,Darius,Nocturne",2891084485,0
151,"Sion,Kaisa,Nami,Kassadin,Ivern,Camille,Nidalee,Jhin,Talon,Fiddlesticks",2875586361,1
152,"Vladimir,Tristana,Darius,Thresh,Shyvana,Malphite,Jax,MasterYi,Leblanc,Kaisa",2857404676,0
153,"Blitzcrank,Jax,TwistedFate,Ezreal,Rengar,Jinx,Alistar,Poppy,Galio,Darius",2842806867,1
154,"Darius,Rengar,Caitlyn,Galio,Nami,Udyr,Jhin,Zed,Jax,Leona",2842800968,0
155,"Darius,Fizz,Varus,Sejuani,Shen,Camille,Rakan,Malzahar,Xayah,XinZhao",2842796226,0
156,"Vladimir,Rakan,Rengar,Aatrox,Ezreal,Lucian,Pantheon,Garen,Leblanc,Pyke",2842791226,0
157,"Varus,Nami,Darius,AurelionSol,Kayn,Karma,Heimerdinger,Malphite,Graves,JarvanIV",2842755227,0
158,"LeeSin,Blitzcrank,Garen,Jhin,Vladimir,Fiora,Cassiopeia,Lulu,Shaco,Tristana",2842739218,1
159,"Zed,Kayn,Brand,Vayne,Vladimir,Alistar,Orianna,Lucian,Maokai,Khazix",2842731785,1
160,"Garen,Lucian,Evelynn,Cassiopeia,Soraka,Zilean,Gnar,Kaisa,Kayn,Leblanc",2925901103,0
161,"Brand,Graves,Jhin,Singed,Xerath,Diana,Riven,Ezreal,Bard,LeeSin",2920398699,1
162,"Pyke,Lucian,Kayn,Lissandra,Renekton,Akali,Khazix,Ezreal,Sona,Maokai",2920358963,1
163,"Lucian,Gragas,Fiora,Ivern,Anivia,Evelynn,Bard,MissFortune,Veigar,Illaoi",2916523608,1
164,"Sona,Viktor,Azir,Khazix,Singed,Kayn,Fiora,Lucian,Thresh,Karma",2916508961,1
165,"Akali,Ekko,Nocturne,Ezreal,Sona,Thresh,Twitch,XinZhao,Lissandra,Pyke",2916329188,0
166,"Anivia,Quinn,Kaisa,Kayn,Fiddlesticks,Renekton,Ekko,Udyr,Heimerdinger,Nami",2915752910,0
167,"Tristana,Poppy,Viktor,Blitzcrank,Aatrox,Ashe,Vi,Thresh,Vladimir,Sion",2910061085,0
168,"Irelia,Fiora,Amumu,MissFortune,Pyke,Thresh,Caitlyn,Aatrox,Lissandra,Poppy",2909729829,0
169,"XinZhao,Yasuo,MissFortune,Pyke,Fiora,Aatrox,Veigar,Rammus,Tristana,TwistedFate",2909726675,0
170,"Jhin,Camille,Lux,Vladimir,TahmKench,Ezreal,Ahri,Akali,Sejuani,Thresh",2932663042,1
171,"Darius,Malzahar,Nidalee,Sivir,Thresh,Veigar,Graves,Janna,Heimerdinger,Jax",2932571022,1
172,"Yasuo,Thresh,Khazix,Xerath,Riven,Soraka,LeeSin,Ezreal,Fizz,Talon",2932498265,0
173,"Heimerdinger,Yasuo,Riven,Talon,Lux,TahmKench,Xerath,Zilean,Lucian,Rammus",2931160317,1
174,"Lucian,Kayn,Lux,Nami,Riven,Jax,LeeSin,Lulu,Jhin,Thresh",2931135151,0
175,"Zoe,Shen,Nidalee,Xayah,Pyke,Teemo,Braum,Kaisa,Camille,Neeko",2930782013,1
176,"Jinx,Pantheon,Vayne,Veigar,Shaco,Pyke,Zoe,Camille,Heimerdinger,Kayn",2930406093,1
177,"Tryndamere,JarvanIV,Karthus,Alistar,Yasuo,Poppy,XinZhao,Kassadin,Pyke,Jinx",2927083351,1
178,"Tryndamere,Kassadin,Kayn,Blitzcrank,KogMaw,Ezreal,Ahri,JarvanIV,Riven,Thresh",2927056439,1
179,"Lissandra,Brand,Ezreal,Graves,Gangplank,Neeko,Blitzcrank,Lucian,Camille,Rengar",2926903910,0
180,"Pantheon,Zed,Thresh,Taliyah,Kaisa,Evelynn,Ornn,Jhin,Morgana,Viktor",2894064056,0
181,"Sivir,Elise,Rakan,Gragas,Brand,Galio,Khazix,Pyke,Leblanc,Lucian",2893943119,1
182,"Brand,Zac,Kaisa,Pantheon,Talon,LeeSin,Hecarim,Ahri,Braum,Lucian",2892071891,0
183,"JarvanIV,Veigar,Irelia,Ezreal,Nami,Riven,Warwick,Bard,Kaisa,Kassadin",2877254703,1
184,"Kayn,Jax,Vayne,TwistedFate,Nami,Hecarim,Lux,Sivir,Riven,Ahri",2872082713,1
185,"Tryndamere,Nami,Lucian,Vayne,Gangplank,XinZhao,Jhin,Riven,Kassadin,Soraka",2872043470,0
186,"XinZhao,Ryze,Lucian,Kassadin,Taric,LeeSin,Viktor,Soraka,Nautilus,Xayah",2870221776,0
187,"Anivia,Varus,Graves,Garen,Janna,Velkoz,Kaisa,Irelia,Ziggs,Shaco",2870167217,1
188,"Kaisa,Graves,Zed,Karma,Swain,Lucian,Nami,Riven,Akali,Khazix",2870053635,1
189,"LeeSin,Ekko,Lucian,Jayce,Nami,Rammus,Kassadin,Thresh,Kalista,Renekton",2870028835,1
190,"Kayn,Lucian,Fiora,Kassadin,Zyra,Viktor,TwistedFate,Thresh,Elise,Draven",2931111558,0
191,"Fiora,Akali,Brand,Fiddlesticks,Kaisa,Riven,Ezreal,Yasuo,Shaco,Alistar",2931084914,0
192,"Draven,Heimerdinger,Gragas,Fiora,Warwick,Maokai,Nami,Jhin,Jayce,Shaco",2930589457,0
193,"Brand,Draven,Aatrox,Jayce,Shaco,Fiora,LeeSin,MissFortune,Lux,Alistar",2930563368,1
194,"Yasuo,Braum,Vladimir,Shen,Rengar,Jhin,Vi,Zilean,Fiora,Thresh",2930555342,1
195,"Graves,Irelia,Kaisa,Fiora,Blitzcrank,Brand,Ezreal,Tryndamere,Kayn,Ahri",2930508621,0
196,"DrMundo,Graves,Syndra,Jhin,Nami,Fiora,Kindred,Ekko,Thresh,Lucian",2930499264,1
197,"Orianna,Braum,MissFortune,Renekton,Kayn,Fiora,Leblanc,Blitzcrank,Draven,Udyr",2929743209,1
198,"Pyke,Ziggs,Lucian,Jax,Hecarim,Graves,Veigar,Fiora,Thresh,MissFortune",2929698332,1
199,"Ezreal,Akali,Kayn,Fiora,Lulu,Anivia,Veigar,Velkoz,Shaco,Riven",2929699878,1
200,"Mordekaiser,Leona,Graves,Lissandra,Urgot,Braum,Rengar,Varus,Xerath,Nocturne",2901309240,0
201,"Thresh,Ezreal,Aatrox,Nunu,Chogath,Rengar,Leblanc,Janna,Jinx,Darius",2898598485,1
202,"Xayah,Nami,Kennen,Jax,Talon,Braum,Khazix,Quinn,Heimerdinger,Leblanc",2897966325,1
203,"Sion,Leona,Graves,Akali,Lucian,Ekko,Thresh,Kaisa,Rengar,Viktor",2897607821,0
204,"Kassadin,Kaisa,Darius,Kayn,Bard,Orianna,Jax,Ezreal,Nami,Irelia",2896543403,1
205,"DrMundo,Ashe,Braum,Irelia,Rammus,Rumble,Nocturne,Pyke,Draven,Ekko",2895299797,0
206,"Draven,TahmKench,Orianna,Rengar,Leona,Poppy,Sivir,Nautilus,Graves,Lux",2894624317,1
207,"Fiddlesticks,Rengar,Leblanc,Lucian,Kayn,Tristana,Thresh,Yasuo,Darius,XinZhao",2894596607,0
208,"Ezreal,Riven,Zyra,Shaco,Leblanc,Rumble,Bard,Yasuo,Lucian,Graves",2891727870,0
209,"Lucian,Shen,Sion,Hecarim,Katarina,Fizz,Chogath,Ezreal,LeeSin,Thresh",2891300339,0
210,"Varus,Irelia,Morgana,Khazix,Volibear,Renekton,Lux,MissFortune,Shaco,Taliyah",2917515602,0
211,"Irelia,Bard,Rammus,Jhin,Hecarim,Kayn,Pyke,Ekko,Ezreal,Renekton",2917487150,1
212,"Jax,Ezreal,Nautilus,Nocturne,Lucian,Poppy,Rammus,Garen,Shaco,AurelionSol",2917459345,1
213,"Warwick,Ahri,Xayah,Janna,Darius,Nami,Kaisa,Katarina,Jayce,Shyvana",2917340101,1
214,"Jhin,Fizz,Graves,Malphite,Nami,Jax,Shaco,Mordekaiser,MissFortune,Pyke",2917314637,1
215,"MasterYi,Sona,Jinx,Kled,Ahri,Fiora,Sivir,Kayn,AurelionSol,Blitzcrank",2917310714,0
216,"MissFortune,Velkoz,Veigar,Shen,Elise,Ahri,Nunu,Jhin,Viktor,Fiddlesticks",2917235926,0
217,"Jax,Diana,Shyvana,Yasuo,Soraka,Fiddlesticks,Riven,Vladimir,MissFortune,Udyr",2916589563,1
218,"Cassiopeia,Tryndamere,Jhin,Pyke,XinZhao,Nunu,Renekton,Draven,Nautilus,Lux",2916590740,0
219,"Kassadin,Nautilus,Varus,Lulu,Evelynn,Kaisa,Janna,Ahri,Nidalee,Riven",2914939691,1
220,"Nidalee,Karthus,Velkoz,Kaisa,Pantheon,Volibear,Jhin,Brand,Nasus,Orianna",2932517938,1
221,"Xerath,Irelia,Lucian,Kennen,Volibear,Amumu,Lissandra,Ezreal,Thresh,Riven",2932448748,1
222,"Volibear,Ashe,Nocturne,Zilean,Heimerdinger,Xerath,Nasus,Amumu,Ezreal,Nautilus",2931524597,0
223,"Pantheon,Caitlyn,Graves,Fizz,Soraka,Ornn,JarvanIV,Galio,Volibear,Ashe",2931514313,0
224,"Leona,Garen,Irelia,Amumu,Ezreal,Volibear,Lux,Ekko,Malphite,Lucian",2930573666,1
225,"Volibear,Rengar,Leona,MissFortune,Galio,Lucian,Kayn,Morgana,Vladimir,Jayce",2930556413,0
226,"Thresh,Ashe,Galio,Tryndamere,Nidalee,Pyke,Volibear,Singed,Kaisa,Zed",2930541174,0
227,"Neeko,Ryze,Orianna,Graves,Ezreal,Ekko,Thresh,Tryndamere,Volibear,Kaisa",2930510663,0
228,"Ahri,Volibear,Olaf,Caitlyn,Thresh,Blitzcrank,Yasuo,Tristana,Jax,Vladimir",2930480179,0
229,"Karma,Volibear,Vladimir,Shyvana,Ashe,Orianna,Thresh,Lucian,Trundle,Shaco",2930452403,0
230,"Hecarim,Vladimir,Draven,Vayne,TahmKench,Varus,Leona,Elise,Irelia,Leblanc",2931447668,1
231,"Rammus,Vayne,Zyra,Zoe,Aatrox,Jhin,Kassadin,Warwick,Sion,Morgana",2931440505,1
232,"Aatrox,Jayce,Ezreal,LeeSin,Pyke,Poppy,Shen,Lucian,Lux,Morgana",2931425713,1
233,"MasterYi,Neeko,Lucian,Alistar,Heimerdinger,Khazix,Thresh,Kaisa,Gragas,Galio",2930913499,0
234,"Ezreal,Riven,Kayn,Bard,Galio,Jax,Thresh,Nocturne,Lissandra,Lucian",2930866571,0
235,"Thresh,Twitch,Leblanc,Amumu,Sion,Teemo,Khazix,Neeko,Kassadin,Alistar",2929058309,1
236,"Jax,Pantheon,Lissandra,Brand,Lux,Gangplank,Kassadin,Nami,Aatrox,Ezreal",2929015491,0
237,"Aatrox,Neeko,Camille,Ezreal,Morgana,Jhin,Nami,Ahri,Jax,Taliyah",2928714940,0
238,"Urgot,Ashe,Morgana,Zoe,Khazix,MissFortune,Nami,Ahri,Gangplank,Jax",2928697687,0
239,"Nocturne,Vayne,Cassiopeia,Bard,Kayle,LeeSin,Orianna,Thresh,Draven,Riven",2928066861,0
240,"Fiora,Jhin,Zyra,Diana,Graves,Yasuo,Jax,Varus,Morgana,LeeSin",2923647604,1
241,"Tryndamere,Thresh,Gragas,Lux,Draven,Jhin,Galio,Renekton,Taliyah,Lulu",2923160368,0
242,"KogMaw,Lulu,Ahri,Fiddlesticks,Pyke,Kaisa,Fizz,Kassadin,Warwick,Sona",2923075454,1
243,"Soraka,Aatrox,Graves,Ziggs,Ryze,Kassadin,Pyke,XinZhao,Jhin,Urgot",2923072170,1
244,"Irelia,Gragas,Blitzcrank,Jax,Jhin,Soraka,JarvanIV,Nasus,Ahri,Ezreal",2923016157,0
245,"Graves,Lux,Jhin,MasterYi,Irelia,Xerath,Quinn,LeeSin,Zoe,Nasus",2923024122,0
246,"Sivir,Pyke,Camille,Akali,Sejuani,Irelia,Janna,Udyr,Gragas,Yasuo",2920903147,1
247,"Jax,Ashe,Graves,Pyke,Lucian,Mordekaiser,Janna,JarvanIV,Chogath,Kaisa",2920250744,0
248,"Taliyah,Thresh,Lucian,Orianna,Olaf,Khazix,Anivia,Nami,Chogath,Draven",2920236084,1
249,"Evelynn,Nami,Lissandra,Urgot,Sivir,Graves,Taliyah,Zyra,Annie,DrMundo",2918843641,0
250,"Talon,Rengar,Nautilus,Lucian,Gragas,Poppy,Jinx,Fiddlesticks,Ekko,Malphite",2913641949,0
251,"Talon,Rengar,Jax,Xayah,Thresh,Viktor,Irelia,Riven,Chogath,Hecarim",2913606077,1
252,"Rengar,Veigar,Talon,Sona,Jhin,Jax,Camille,Varus,Fiddlesticks,Fizz",2913576724,0
253,"LeeSin,Riven,Soraka,Ezreal,Zoe,Elise,Talon,Alistar,Sivir,Poppy",2913544655,1
254,"Lux,Yasuo,Ezreal,Aatrox,XinZhao,Talon,Twitch,Rengar,Pyke,Annie",2913526004,1
255,"Thresh,Draven,Talon,Evelynn,Shen,XinZhao,Lucian,Soraka,MonkeyKing,Shaco",2913358155,0
256,"Shyvana,Zoe,Lux,Malphite,Lucian,Talon,Camille,Sivir,Zyra,Kennen",2912008028,0
257,"Akali,Urgot,Nunu,Kaisa,Kayn,Illaoi,Ekko,Alistar,Varus,Nocturne",2908021701,0
258,"Ashe,Ornn,Rengar,Thresh,Yasuo,Ekko,Xayah,Janna,Nocturne,Fiora",2906942632,1
259,"Pantheon,Talon,Xayah,Janna,Katarina,Volibear,Nasus,Soraka,Vladimir,Kaisa",2902648939,1
260,"Teemo,Shaco,Ezreal,Orianna,Sona,Zyra,Aatrox,Nocturne,Lucian,Karthus",2931546806,1
261,"Pyke,Lucian,Diana,Khazix,Teemo,Xayah,Vi,Leona,Karthus,Darius",2931001897,0
262,"Kayn,Yasuo,Tristana,Zyra,Katarina,Evelynn,Jax,Ezreal,Karthus,Pyke",2930416410,1
263,"Jhin,Karthus,Thresh,Hecarim,Akali,Kennen,Lucian,Morgana,Brand,Jax",2930397192,1
264,"Nidalee,Yasuo,Zilean,Fiora,Gangplank,Ahri,Warwick,Vayne,Thresh,Heimerdinger",2930369314,0
265,"Zed,Ezreal,Lux,Yasuo,Garen,Camille,Caitlyn,Lissandra,Irelia,Brand",2929517264,1
266,"Thresh,Kaisa,Jax,Leblanc,Amumu,Shen,Nautilus,Ezreal,Zed,Nidalee",2929508431,0
267,"Soraka,Gnar,Cassiopeia,Rengar,Kaisa,Yasuo,Swain,Graves,Diana,Velkoz",2928790371,0
268,"Alistar,Jhin,Irelia,Lux,MasterYi,Nidalee,Ekko,Lulu,Tryndamere,Lucian",2928545196,0
269,"Rengar,Ezreal,Brand,Zed,Urgot,Janna,Riven,Kaisa,Darius,Vladimir",2928491968,0
270,"Kaisa,Zyra,Rumble,LeeSin,Jax,KogMaw,Shaco,Camille,Fiddlesticks,Cassiopeia",2931855979,0
271,"Rakan,Vi,Chogath,Ekko,Ezreal,Kayn,Neeko,Irelia,KogMaw,Jax",2931815568,0
272,"Hecarim,Ezreal,Janna,DrMundo,Vladimir,Jax,Pyke,Swain,Kaisa,Gragas",2931852564,0
273,"Khazix,Trundle,Ashe,Kassadin,Morgana,Malzahar,TahmKench,Darius,Orianna,Kaisa",2931270200,0
274,"Ezreal,Shaco,Neeko,Brand,Jax,Yasuo,Evelynn,Illaoi,Jinx,Karma",2931247891,0
275,"Chogath,Thresh,Shaco,Lucian,Ekko,Sona,Jax,Kennen,Fiddlesticks,Jinx",2931226521,1
276,"Fizz,Khazix,Galio,Thresh,Kaisa,TwistedFate,Maokai,Jax,Ezreal,Sion",2931225184,0
277,"Lucian,Aatrox,Soraka,MasterYi,Irelia,Karma,Kayn,KogMaw,Urgot,Veigar",2931220158,1
278,"Nautilus,Draven,Neeko,Blitzcrank,Zed,Lucian,Brand,Yasuo,Jax,Graves",2931199007,0
279,"Blitzcrank,Caitlyn,Xerath,Jayce,Vayne,Thresh,Anivia,LeeSin,Draven,Fiora",2931196943,0
280,"Ezreal,Rakan,Kled,Anivia,Nidalee,Brand,Tryndamere,LeeSin,Zoe,Kaisa",2932552617,0
281,"Blitzcrank,Teemo,Fiddlesticks,Caitlyn,Kassadin,Draven,Darius,XinZhao,Morgana,Neeko",2932527394,1
282,"Kassadin,Nami,Tristana,Camille,Illaoi,Graves,Fiora,MissFortune,Zoe,TahmKench",2930628149,0
283,"Draven,Kayn,Kassadin,Pantheon,Bard,Irelia,Sivir,Thresh,Akali,Camille",2923370778,0
284,"Ziggs,Camille,DrMundo,Thresh,Yasuo,Poppy,Khazix,Zed,Sona,Kaisa",2921917409,1
285,"Vayne,Fiora,Camille,Janna,Leblanc,MissFortune,Kayn,Zilean,Kled,Lissandra",2921897358,0
286,"Cassiopeia,Vi,Pyke,Riven,Draven,Mordekaiser,Yasuo,Zyra,Jhin,Hecarim",2921570270,0
287,"MonkeyKing,Leona,Akali,Draven,JarvanIV,Mordekaiser,Riven,Vi,Jhin,Janna",2921555754,1
288,"Elise,Leona,Ekko,Kassadin,Draven,Pyke,Malphite,MonkeyKing,Jhin,Graves",2920684650,0
289,"Syndra,Thresh,Jax,Pantheon,Kaisa,Lucian,Hecarim,Nasus,Akali,Lulu",2919358149,0
290,"Karthus,Olaf,Pyke,Jax,Velkoz,Caitlyn,Thresh,MasterYi,XinZhao,Ekko",2930802111,0
291,"Syndra,Blitzcrank,Elise,Yasuo,Ezreal,Vi,Cassiopeia,Kaisa,Udyr,Zyra",2930795144,0
292,"Ekko,Pyke,Yasuo,Neeko,Darius,Kayn,Ezreal,Malzahar,Kled,Zyra",2930779927,0
293,"Jayce,Rumble,XinZhao,Heimerdinger,Ornn,Galio,Camille,Gragas,Aatrox,Lucian",2930756416,0
294,"Velkoz,Zed,Khazix,Kaisa,Nidalee,Lucian,Renekton,Olaf,Sona,Diana",2928071279,1
295,"Karthus,MasterYi,Karma,Tryndamere,Caitlyn,Renekton,Jhin,Nidalee,Irelia,Pyke",2924856008,1
296,"Kled,Lulu,Draven,Vi,Malzahar,Kayn,Vayne,Janna,Heimerdinger,Morgana",2902022167,0
297,"Thresh,Cassiopeia,Shaco,Lissandra,Lucian,Viktor,Rakan,Aatrox,XinZhao,Xayah",2894774089,1
298,"Sejuani,Kaisa,Ekko,Rakan,Teemo,Rengar,Thresh,Gangplank,Xayah,Malzahar",2884908972,1
299,"Malphite,Rengar,Kaisa,Pyke,Malzahar,Rakan,Gangplank,Yasuo,Ezreal,Evelynn",2884911848,0
300,"Katarina,Twitch,MasterYi,Yasuo,Janna,Nami,Sion,Khazix,Lucian,Karthus",2922608704,1
301,"Jhin,Yasuo,Brand,Lissandra,Leona,Twitch,Akali,MonkeyKing,Xayah,Pyke",2922558076,0
302,"Orianna,Lucian,Soraka,Kayn,Viktor,Ahri,Aatrox,Caitlyn,Zyra,Taliyah",2901763913,0
303,"Sivir,Nautilus,Kassadin,XinZhao,Riven,Janna,Taliyah,Irelia,Kaisa,TwistedFate",2901601534,0
304,"LeeSin,Draven,AurelionSol,Nasus,Rakan,Lucian,Kassadin,Thresh,Kayn,Sion",2900942833,1
305,"Vayne,Blitzcrank,Taric,MasterYi,Akali,LeeSin,Shen,Twitch,Rakan,Karthus",2900894926,0
306,"Gragas,Urgot,Kaisa,Yasuo,Sona,Nocturne,Varus,Orianna,Lux,Darius",2891793684,0
307,"Evelynn,Nami,Yasuo,Malphite,Caitlyn,Sivir,Jax,Soraka,Ekko,MasterYi",2891770551,0
308,"Kindred,Urgot,Rengar,Ezreal,Leona,Yasuo,Nami,Sivir,Gragas,Darius",2885086757,0
309,"Rengar,Annie,Lucian,Irelia,Lulu,Heimerdinger,Sivir,Illaoi,Karma,Graves",2885084233,1
310,"Nunu,Thresh,Lucian,Taliyah,Jax,Ahri,Malphite,Braum,Hecarim,KogMaw",2900006042,1
311,"Nocturne,Katarina,Ezreal,Thresh,TahmKench,Sivir,Rakan,Gangplank,Ahri,Graves",2899992018,0
312,"Lissandra,Sion,Alistar,Kayn,Tristana,Lucian,Zoe,Rakan,Darius,Gragas",2899952778,1
313,"Galio,Lucian,Lissandra,Camille,Irelia,LeeSin,Soraka,Sion,Xayah,Vladimir",2899903418,1
314,"Irelia,Gragas,Graves,Galio,Draven,Kassadin,Sion,Khazix,Lucian,Nami",2899768501,1
315,"Jayce,Gragas,Leblanc,Hecarim,Kaisa,Pantheon,Lissandra,Udyr,Lucian,Thresh",2899754497,1
316,"Alistar,Darius,Draven,Evelynn,Yasuo,Graves,Thresh,Caitlyn,Ekko,Aatrox",2899738798,0
317,"Xerath,Twitch,Lucian,Leona,Fiora,Vayne,Garen,MonkeyKing,Rakan,Syndra",2899714318,0
318,"Pyke,Irelia,Malzahar,Camille,Lucian,Draven,Annie,Soraka,Jax,Olaf",2899687546,1
319,"Nocturne,Kled,Kaisa,Bard,Malzahar,Twitch,Gnar,Graves,Janna,Leblanc",2899680994,0
320,"Zed,Urgot,Evelynn,Xerath,Caitlyn,Malzahar,Nami,Lucian,Camille,LeeSin",2931784793,0
321,"Hecarim,Nautilus,Yasuo,Nami,Kaisa,Morgana,Ryze,Camille,Lucian,Kled",2931739789,0
322,"Lucian,Kayn,Jayce,Thresh,Irelia,Hecarim,Sivir,Karthus,Fiora,Blitzcrank",2931723010,1
323,"Jax,Aatrox,Alistar,Kaisa,Nidalee,Kayn,Jinx,Rengar,Braum,Zoe",2931698653,0
324,"Rakan,Sion,Sivir,Yasuo,Evelynn,Nidalee,Rumble,Aatrox,Sona,Ezreal",2931593974,1
325,"Ezreal,MasterYi,Galio,Graves,Thresh,Syndra,Sivir,Kayn,Irelia,Leona",2931573820,1
326,"Riven,Pyke,Lucian,Zed,LeeSin,Kayn,Jayce,Viktor,Janna,Ezreal",2931523957,0
327,"Lucian,Thresh,Khazix,Maokai,Kassadin,Lissandra,Karthus,Sona,Sion,Camille",2931514466,0
328,"LeeSin,Zoe,Morgana,Kled,Ezreal,Khazix,Twitch,Ahri,Blitzcrank,Vladimir",2931387842,1
329,"Zilean,Shaco,Cassiopeia,Rengar,Lucian,Riven,Annie,Thresh,Kaisa,Gangplank",2931367104,1
330,"Riven,Akali,Caitlyn,Leona,Camille,Rakan,Kassadin,Mordekaiser,Tristana,Nunu",2922214980,1
331,"Zilean,Lucian,Heimerdinger,LeeSin,Ekko,Pyke,Twitch,Xerath,Talon,XinZhao",2922186380,0
332,"Leona,Maokai,Shyvana,Zoe,Draven,Kassadin,Darius,Rakan,Camille,Jhin",2918609249,0
333,"LeeSin,Renekton,Ashe,Fizz,Morgana,Caitlyn,Nunu,Nami,Leblanc,Ryze",2918605926,0
334,"Zed,Alistar,Sivir,Warwick,Urgot,Kayn,Jax,TwistedFate,Karthus,Soraka",2918611750,0
335,"Ivern,Bard,Jax,Xayah,Ahri,Morgana,Khazix,Ezreal,Fiora,Lucian",2916541547,1
336,"XinZhao,Sivir,Teemo,Lissandra,Velkoz,Jhin,Kayn,Thresh,Chogath,Kassadin",2916512392,1
337,"Jhin,Rakan,Riven,Camille,Orianna,Swain,Draven,Janna,Garen,Shaco",2916476770,0
338,"Yasuo,Viktor,Kindred,Twitch,Lulu,Draven,XinZhao,Morgana,Jax,Blitzcrank",2908345913,0
339,"Riven,Pyke,Tristana,Ryze,Khazix,Kled,Katarina,Ashe,Graves,Thresh",2908318889,0
340,"Aatrox,Lux,Zoe,Poppy,Jhin,Fiora,LeeSin,Talon,Blitzcrank,Leblanc",2928595521,1
341,"Yasuo,Aatrox,Akali,Blitzcrank,Pantheon,Lucian,Kindred,Teemo,Bard,Orianna",2928492863,0
342,"Pyke,Kassadin,Ezreal,Twitch,Lulu,Thresh,Karthus,Evelynn,MissFortune,Irelia",2928397831,0
343,"Camille,TwistedFate,Bard,Caitlyn,Kayle,Pyke,JarvanIV,Kaisa,Riven,Lux",2927804909,1
344,"Tryndamere,Bard,JarvanIV,Ezreal,Chogath,Nami,Galio,Camille,TwistedFate,Jhin",2927777462,0
345,"Ahri,Aatrox,Janna,Gnar,Lucian,Nami,Talon,Draven,Gragas,Darius",2927591252,0
346,"Zyra,Jax,Azir,Rengar,Vayne,XinZhao,Leona,DrMundo,Lucian,Vladimir",2927320771,0
347,"Xayah,Rakan,MasterYi,Zoe,LeeSin,Neeko,Vayne,Khazix,Janna,Tryndamere",2927300813,0
348,"Camille,Darius,Yasuo,Alistar,Vladimir,LeeSin,Lissandra,Twitch,Nami,Irelia",2927029056,1
349,"Gragas,Thresh,Tristana,Quinn,Kayle,Pantheon,Lucian,Vladimir,Braum,Camille",2926912551,1
350,"TahmKench,Taric,Aatrox,Elise,Draven,Janna,LeeSin,Ezreal,Renekton,Lucian",2932203675,1
351,"KogMaw,Karthus,Shaco,Janna,LeeSin,Yasuo,Aatrox,Rengar,Jhin,Anivia",2932178598,0
352,"Rengar,LeeSin,Irelia,Quinn,Velkoz,Janna,Ezreal,Camille,Riven,Elise",2932174081,1
353,"Darius,Lucian,Evelynn,Pyke,Leona,Kaisa,Aatrox,Thresh,Neeko,Yasuo",2932139061,1
354,"Kassadin,Pyke,Kaisa,Graves,Viktor,Soraka,MasterYi,Caitlyn,Brand,Jax",2931607376,1
355,"Viktor,Velkoz,Udyr,Pyke,Yasuo,Ahri,Nocturne,Lucian,Thresh,Graves",2918126301,1
356,"Varus,Udyr,Akali,Zed,Thresh,Soraka,Khazix,Pantheon,Jhin,Lux",2918098928,0
357,"Irelia,Swain,Lucian,Nautilus,Evelynn,Bard,Ezreal,Kaisa,Leblanc,Jayce",2917084143,1
358,"Kassadin,Gangplank,Kaisa,Thresh,Kayn,Taliyah,TwistedFate,Alistar,Urgot,Lucian",2905947817,1
359,"Rakan,Gangplank,XinZhao,Kaisa,TwistedFate,Kassadin,Rengar,Thresh,Ekko,MissFortune",2894601032,1
360,"Akali,Talon,Pantheon,Jhin,Brand,Kaisa,MonkeyKing,LeeSin,Alistar,Velkoz",2932669133,0
361,"Lucian,Khazix,TwistedFate,Vladimir,Pyke,Cassiopeia,Kayn,Fiora,Ezreal,Fiddlesticks",2932495840,1
362,"Sivir,Akali,Kindred,Diana,Thresh,Jhin,Anivia,LeeSin,Fiddlesticks,Camille",2931481871,1
363,"Blitzcrank,Teemo,TwistedFate,Jinx,Graves,Renekton,Janna,Kaisa,Kayn,Leblanc",2931343427,0
364,"Darius,Jinx,Sona,Diana,Vi,Kayn,Lucian,Yasuo,Teemo,Zyra",2931318739,0
365,"Teemo,Irelia,Draven,Jax,Evelynn,Gragas,Zilean,Vayne,Heimerdinger,Camille",2930733943,0
366,"Kindred,Tryndamere,Irelia,Jhin,Zyra,Camille,Xayah,Jax,TahmKench,Talon",2930731655,1
367,"Zyra,Aatrox,Kaisa,Jax,Kayn,MissFortune,Riven,Brand,Yasuo,LeeSin",2930710202,0
368,"Nasus,Orianna,XinZhao,Nami,Kaisa,MissFortune,Ahri,Graves,Hecarim,Zyra",2930688558,0
369,"Blitzcrank,Jinx,Rengar,Kassadin,Renekton,Tryndamere,Malzahar,Kaisa,Nami,Kindred",2930694874,0
370,"Pyke,Riven,Gragas,Ryze,Jhin,Mordekaiser,Camille,Sivir,Alistar,Ekko",2910904054,1
371,"Hecarim,Velkoz,Yasuo,Rumble,Sona,Kled,Ryze,Warwick,Thresh,Kaisa",2910898585,1
372,"Diana,Vayne,Fiora,Gragas,Shen,Bard,Nidalee,Rengar,Ezreal,Kled",2910884930,1
373,"Kaisa,Nami,Renekton,Azir,Graves,Kled,Lulu,Ziggs,Rengar,Sivir",2910496988,1
374,"Akali,Gragas,Ashe,Rakan,Lux,Jhin,Lulu,Pantheon,Kassadin,Graves",2910474435,1
375,"Camille,Fiora,Pyke,Caitlyn,Yasuo,Gragas,Malzahar,Lucian,Thresh,Renekton",2910373972,1
376,"Fiora,Thresh,Aatrox,Jhin,Viktor,Darius,Azir,Nocturne,Kaisa,Nautilus",2910358058,0
377,"Velkoz,Draven,Udyr,Ryze,Cassiopeia,Blitzcrank,Vi,Tryndamere,Diana,Lucian",2910353460,1
378,"Hecarim,Ezreal,Gangplank,Morgana,Ahri,Nami,Udyr,Vladimir,Jinx,Irelia",2894635992,1
379,"Orianna,Soraka,Udyr,Varus,Sion,Zilean,Teemo,Xerath,Kaisa,Warwick",2881206287,0
380,"MasterYi,Janna,Sivir,Leblanc,Renekton,Xerath,Ezreal,Swain,Zed,Nocturne",2905520719,1
381,"Ezreal,Pyke,Lissandra,Hecarim,Irelia,Lucian,Yasuo,Urgot,Jax,Janna",2905475287,0
382,"RekSai,Lucian,Thresh,Leblanc,Darius,Diana,Kaisa,MasterYi,Janna,Garen",2905466112,1
383,"Cassiopeia,Rammus,Illaoi,Zilean,Caitlyn,Gangplank,Lux,Kayn,Malphite,MissFortune",2905428212,0
384,"Amumu,Kaisa,TwistedFate,Sona,Sion,Rammus,Zilean,Yasuo,Vayne,Alistar",2905432605,0
385,"Rammus,Zilean,Velkoz,Draven,Camille,Sona,Jhin,Mordekaiser,Aatrox,Kayn",2905407812,1
386,"Brand,Jhin,Renekton,Pantheon,Annie,Irelia,LeeSin,Twitch,Lulu,Ekko",2904925815,1
387,"MasterYi,Darius,Braum,Lucian,Leblanc,Shen,Zed,Rakan,Sivir,Kennen",2904880164,0
388,"Blitzcrank,Tristana,Pantheon,Annie,Urgot,Gragas,Olaf,Sion,Katarina,Kaisa",2904280762,0
389,"Nami,Graves,Syndra,Aatrox,Lucian,Rakan,Sion,Sivir,Rammus,Annie",2904246815,0
390,"Darius,Urgot,Gragas,Nami,Draven,Blitzcrank,Xayah,Jayce,Ahri,Udyr",2907762974,0
391,"TwistedFate,Jayce,Udyr,Janna,Xayah,Kaisa,Lulu,Fiora,Ahri,Shaco",2888818458,0
392,"Vayne,Gnar,TahmKench,Udyr,Velkoz,Renekton,Lulu,Elise,Zed,Jinx",2875033924,0
393,"Kayn,Taliyah,Pantheon,MissFortune,Lissandra,Udyr,Anivia,Kaisa,Braum,Riven",2874674066,0
394,"Leblanc,Nami,Irelia,Kaisa,Kayn,Riven,Thresh,Udyr,Kassadin,Tristana",2874645055,0
395,"Sion,Orianna,Vayne,Nami,Udyr,Aatrox,Jhin,Nidalee,Pyke,Garen",2867811127,0
396,"LeeSin,Varus,Ekko,Thresh,Malphite,Sion,Zoe,Caitlyn,Udyr,Zyra",2866712721,0
397,"Ezreal,Kassadin,Olaf,Thresh,Udyr,Caitlyn,Shaco,Soraka,Amumu,Zilean",2865860482,1
398,"Kassadin,Soraka,Udyr,Caitlyn,Riven,MissFortune,Ahri,Fiora,Zyra,Rengar",2865837634,1
399,"Camille,TwistedFate,Udyr,Caitlyn,Soraka,Fiddlesticks,Ryze,Ezreal,Irelia,Nunu",2855564223,0
400,"Nunu,Thresh,Ashe,Urgot,Fiddlesticks,Warwick,Pyke,Annie,Aatrox,Draven",2888311682,0
401,"Ezreal,Diana,Warwick,Trundle,Fiddlesticks,Orianna,Alistar,JarvanIV,Kindred,Lucian",2869206145,1
402,"Twitch,Ryze,Alistar,Ezreal,Yasuo,Riven,Blitzcrank,Azir,Fiddlesticks,Kaisa",2852953951,1
403,"Jhin,Fiddlesticks,Gragas,Sion,Talon,Blitzcrank,Malzahar,Yorick,Varus,Warwick",2844908746,0
404,"Ekko,Tryndamere,Caitlyn,Pyke,Evelynn,Kayn,Blitzcrank,Darius,Vayne,Zyra",2841635918,1
405,"Nidalee,Pantheon,Fiddlesticks,Draven,Thresh,Jinx,Chogath,Warwick,Blitzcrank,Zed",2841640449,1
406,"Illaoi,Pyke,Tristana,Nocturne,Ryze,Akali,Lucian,Kayn,Blitzcrank,Riven",2841606179,0
407,"Maokai,Malzahar,Xayah,Morgana,Khazix,Fiora,Vladimir,Kaisa,Kayn,Blitzcrank",2841596669,0
408,"Blitzcrank,Jhin,Ivern,Darius,Fizz,Rengar,Maokai,Lucian,Yasuo,Zilean",2841558754,1
409,"Nasus,Jhin,Talon,Kayn,Blitzcrank,Leona,Kaisa,TwistedFate,Jax,Kled",2841551343,0
410,"Kaisa,Alistar,Taliyah,Irelia,Camille,Kassadin,Graves,Malphite,TahmKench,Jhin",2846513410,1
411,"Kassadin,Thresh,Varus,Urgot,Nidalee,Jhin,Janna,Ekko,Kled,Elise",2846477252,1
412,"Velkoz,Graves,Orianna,Draven,Aatrox,Fiora,Kindred,Soraka,Darius,Kaisa",2843360836,0
413,"Zyra,Jhin,Riven,Irelia,Pantheon,Khazix,Ryze,Nami,Lucian,Vladimir",2827808504,0
414,"Quinn,Taliyah,Ryze,Brand,MonkeyKing,Gnar,Talon,LeeSin,Pyke,Vladimir",2827822957,0
415,"Ryze,Gangplank,Rengar,Rakan,Vladimir,Kayn,Taliyah,Gragas,Pyke,Jhin",2827788966,0
416,"Morgana,Lucian,Kayn,AurelionSol,Poppy,Karma,Jhin,Diana,Annie,Nocturne",2827783972,0
417,"Morgana,LeeSin,Orianna,Fiora,Ezreal,Pantheon,Lissandra,Riven,Nami,Lucian",2827772223,0
418,"Rakan,Lucian,Nidalee,DrMundo,Ryze,Graves,Soraka,Irelia,Kaisa,Heimerdinger",2809541059,0
419,"Fiddlesticks,Vladimir,Rengar,Ekko,Gnar,Braum,Lucian,DrMundo,Ryze,Graves",2809494272,1
420,"Ezreal,Zyra,Irelia,Mordekaiser,Graves,Pyke,Brand,Ryze,Kaisa,Neeko",2929048060,1
421,"Talon,Anivia,Brand,Camille,Kayn,Jhin,Bard,Rengar,Galio,Jayce",2925622699,1
422,"Vayne,Khazix,Tryndamere,Thresh,Yasuo,Hecarim,Riven,Jax,Jhin,Pyke",2925038674,1
423,"Velkoz,Camille,Ezreal,Evelynn,Brand,Sion,Heimerdinger,Ekko,Jax,Karma",2924281044,1
424,"Lulu,Irelia,Graves,Jinx,Viktor,Rengar,Thresh,Caitlyn,Aatrox,Kassadin",2923451043,1
425,"Udyr,Zilean,Caitlyn,Sona,Jax,Camille,Bard,Jhin,Lux,Pantheon",2923413490,0
426,"Annie,Rakan,Malphite,Karthus,Kayn,Lissandra,Ekko,Sona,Veigar,Elise",2920652135,0
427,"Lulu,Kassadin,Chogath,LeeSin,Lucian,Orianna,MonkeyKing,Graves,Bard,Twitch",2920640400,1
428,"Orianna,Heimerdinger,Caitlyn,Vi,Karma,Sivir,Draven,Thresh,Katarina,Kayn",2920108846,1
429,"Jax,Morgana,Ahri,Ezreal,Fiora,Nunu,Lucian,Bard,Zoe,Maokai",2916831220,1
430,"Elise,Riven,Jhin,Urgot,Leona,Morgana,Varus,Graves,Yasuo,Sivir",2921745154,0
431,"Anivia,Yasuo,Khazix,Nami,Lucian,LeeSin,Urgot,Karma,Ahri,Draven",2904345858,0
432,"Irelia,Ahri,Vi,Morgana,Lucian,Leblanc,Nami,Rengar,Urgot,Jhin",2887209776,1
433,"Lucian,Morgana,Nocturne,Vladimir,Aatrox,Zilean,Jhin,Olaf,Vi,Kassadin",2881103439,1
434,"Kaisa,Rammus,Katarina,Kennen,Nami,Zyra,Tryndamere,Lucian,Gragas,Viktor",2880262083,0
435,"Lux,Lucian,Thresh,Jax,Rengar,Twitch,Pyke,Kayn,Kassadin,Riven",2879199956,0
436,"Xayah,Zilean,Camille,Malzahar,Renekton,Thresh,Akali,Kalista,Ornn,Zac",2879174667,1
437,"Kassadin,Ashe,Rengar,Kayn,Sona,Jhin,Kaisa,Ornn,Blitzcrank,XinZhao",2879149506,0
438,"Tristana,Kassadin,Brand,MasterYi,Jax,Nami,Akali,Urgot,Evelynn,Jhin",2878361923,1
439,"Nidalee,Alistar,Chogath,Lucian,Nasus,Malzahar,Kaisa,Nami,Poppy,Skarner",2878317393,0
440,"Jax,Orianna,Udyr,Morgana,Ezreal,Evelynn,MissFortune,Urgot,Leona,Diana",2932916378,0
441,"Karthus,Neeko,Thresh,Kaisa,Graves,Nasus,Braum,Lucian,LeeSin,Cassiopeia",2932898260,1
442,"Janna,Jhin,Lux,Malphite,Warwick,Singed,Graves,Zed,Thresh,Lucian",2932858763,0
443,"Caitlyn,Xerath,Mordekaiser,Brand,Rammus,Jax,Warwick,Velkoz,Cassiopeia,Lucian",2932861665,0
444,"Vayne,Fiora,Zilean,Lux,Rengar,Brand,Ezreal,Pantheon,MasterYi,Zoe",2932814357,1
445,"Riven,Hecarim,Lux,Soraka,Lucian,Tryndamere,Elise,Zed,Xayah,Rakan",2932769345,1
446,"Yasuo,Zac,Nami,Volibear,Twitch,Gangplank,Ezreal,Sona,Akali,MonkeyKing",2932739264,1
447,"Syndra,Pyke,Tristana,Kayn,Yorick,Vladimir,Jax,Jhin,Zoe,Blitzcrank",2932755123,1
448,"Heimerdinger,Darius,Lucian,Graves,Thresh,Leblanc,Ezreal,Braum,Hecarim,Irelia",2932715553,0
449,"Kennen,Camille,Caitlyn,Zed,Thresh,Evelynn,Yasuo,Renekton,Morgana,Ezreal",2932686745,1
450,"Lulu,Kled,Kayn,Leblanc,Vayne,Warwick,Sivir,Thresh,Syndra,Riven",2932620713,1
451,"Fiora,Vayne,Lulu,Azir,Twitch,Hecarim,MissFortune,Kennen,Gangplank,Bard",2932606870,1
452,"Kayn,Lucian,Thresh,Irelia,Fiora,Corki,Yasuo,Aatrox,Singed,Nami",2932582376,0
453,"Khazix,Leblanc,Maokai,Vayne,Leona,Ezreal,MasterYi,Swain,Veigar,Kled",2932557790,0
454,"Ezreal,Shaco,Maokai,Leona,Zed,Kled,Lucian,Fizz,MasterYi,Braum",2932539070,1
455,"Amumu,Vladimir,Leona,Ezreal,Neeko,Riven,Jhin,Nami,Cassiopeia,Khazix",2932508974,0
456,"Malphite,Alistar,MonkeyKing,Corki,Lucian,Vayne,Pyke,Sona,Camille,JarvanIV",2932509858,1
457,"Pantheon,Orianna,Nasus,Lucian,Shaco,Fiddlesticks,Jhin,Fizz,Singed,XinZhao",2932481596,1
458,"Pyke,Ezreal,Renekton,Zoe,Amumu,Caitlyn,Vi,Aatrox,Soraka,Orianna",2932442352,0
459,"Darius,XinZhao,Cassiopeia,Ezreal,Morgana,Teemo,Graves,Corki,Thresh,Zed",2932400131,1
460,"Teemo,Lux,Nidalee,Lucian,Sona,Janna,Leblanc,Draven,Camille,Chogath",2927235231,0
461,"Leblanc,Riven,Graves,Nami,Caitlyn,Fiora,Katarina,Pyke,Kayn,Ezreal",2926700869,0
462,"Sona,LeeSin,Lucian,Aatrox,Riven,TwistedFate,Graves,Pyke,Xayah,Poppy",2926493760,1
463,"Riven,Neeko,Jhin,Pyke,Nunu,Leblanc,Jayce,Blitzcrank,Kaisa,Trundle",2926362413,0
464,"Riven,TwistedFate,Khazix,Soraka,Ezreal,Rakan,Neeko,Yasuo,Tristana,Katarina",2926094768,0
465,"Kaisa,Sona,Sion,Hecarim,Jhin,TwistedFate,Kayn,Syndra,Tristana,Leona",2923458424,1
466,"Karthus,Rengar,Tristana,Riven,Ahri,Talon,Sivir,Yasuo,Poppy,Sona",2923183180,0
467,"Viktor,Nami,Draven,Talon,Nidalee,Veigar,TahmKench,Camille,Fiddlesticks,Karthus",2923104247,0
468,"LeeSin,Poppy,MissFortune,Katarina,Nami,Soraka,Ezreal,Darius,Riven,Ahri",2922598718,0
469,"Pyke,Cassiopeia,Pantheon,Leona,Lucian,Yasuo,Varus,Viktor,Camille,Brand",2922560659,0
470,"Khazix,Leblanc,Viktor,MissFortune,Karma,Soraka,Ziggs,Shaco,Ashe,Sion",2900028013,0
471,"Orianna,Soraka,Udyr,Varus,Sion,Zilean,Teemo,Xerath,Kaisa,Warwick",2881206287,0
472,"Gragas,Kled,Taric,Kaisa,Kassadin,Lucian,Aatrox,Malzahar,Evelynn,Thresh",2881178115,0
473,"TwistedFate,Shyvana,Darius,Tristana,Thresh,Nami,Rengar,Velkoz,Vayne,Khazix",2881171353,1
474,"Viktor,Vayne,Soraka,Warwick,Nasus,TwistedFate,Kaisa,Khazix,Ornn,Sona",2881126646,0
475,"Vi,Nami,Viktor,Lucian,Karthus,Garen,Kaisa,LeeSin,Leona,Malzahar",2880922714,0
476,"Jax,Caitlyn,Shaco,Ahri,Gragas,MissFortune,Fiddlesticks,Nidalee,Sion,Leblanc",2880867848,0
477,"Udyr,Soraka,Rengar,Kaisa,Ekko,Leona,Jax,Graves,MissFortune,Orianna",2880891994,0
478,"Kaisa,Kennen,Velkoz,Graves,Riven,Hecarim,Jayce,Varus,Leblanc,Lulu",2880362170,1
479,"Xerath,Fiora,Kaisa,Thresh,Udyr,Ahri,Riven,Hecarim,Vayne,Veigar",2880341846,1
480,"Kaisa,Galio,Maokai,Bard,Volibear,Lucian,Hecarim,Rumble,Nautilus,Lux",2908694851,1
481,"Galio,Yasuo,Malphite,Kaisa,Alistar,Twitch,Chogath,Thresh,Camille,Leblanc",2888562101,1
482,"Blitzcrank,Nidalee,Draven,Shen,Cassiopeia,Karma,Taliyah,Irelia,Syndra,KogMaw",2888534321,1
483,"Lucian,Nidalee,Xayah,Urgot,Pyke,Teemo,Kaisa,Rengar,Thresh,Zoe",2888522710,0
484,"Pyke,Gragas,Poppy,Nidalee,Lucian,Yasuo,Olaf,Jinx,Thresh,Akali",2888504739,1
485,"Talon,Soraka,Kayn,Lucian,Jax,Ornn,Kassadin,Evelynn,Alistar,Tristana",2874403575,1
486,"Kassadin,Soraka,Poppy,Warwick,Jhin,Vladimir,Morgana,Sion,JarvanIV,Lucian",2874365728,1
487,"Kayn,Urgot,Ahri,Vayne,Lulu,Pantheon,Rakan,Lux,Graves,Xayah",2874296573,0
488,"Graves,Xayah,AurelionSol,Akali,Thresh,Khazix,Galio,Bard,MissFortune,DrMundo",2874290804,0
489,"Tristana,Sion,Pyke,Swain,Warwick,TwistedFate,Brand,Gangplank,Kayn,Jinx",2874245147,1
490,"Sion,Leona,Ezreal,LeeSin,Ahri,Elise,Draven,Katarina,Pyke,Yasuo",2927410256,0
491,"Karthus,Alistar,Pantheon,Aatrox,MissFortune,Nasus,Thresh,Khazix,Caitlyn,Talon",2908396031,1
492,"Pyke,Aatrox,Leblanc,Ezreal,Graves,Urgot,XinZhao,Akali,Jhin,Nautilus",2898200461,0
493,"Ornn,Jayce,Irelia,Sivir,JarvanIV,Vayne,Kassadin,Bard,Kindred,Nasus",2897848010,1
494,"Karma,MissFortune,Maokai,Taliyah,Akali,Riven,Kaisa,Rammus,Thresh,Fizz",2897829539,1
495,"Sivir,Xerath,Jayce,Corki,Evelynn,Brand,Veigar,Darius,Twitch,Kayn",2884087636,0
496,"Fizz,Jhin,Vladimir,Sejuani,Pyke,Kaisa,Pantheon,Lulu,Xerath,Amumu",2879313828,1
497,"Jhin,Ivern,Camille,Bard,Zed,Pyke,Olaf,Leblanc,Vayne,Jax",2878970861,1
498,"Morgana,Tristana,Pantheon,Gragas,Leblanc,Rengar,Janna,Kaisa,Garen,Urgot",2878932447,0
499,"Lucian,Morgana,Poppy,JarvanIV,Orianna,Ashe,Braum,Jax,Swain,XinZhao",2878827852,0
500,"Kayn,Nasus,Kaisa,Talon,Fiddlesticks,Zed,Karma,Rengar,Lucian,Darius",2931667376,0
501,"Kaisa,Talon,Katarina,Leona,Amumu,Zoe,Aatrox,MissFortune,Janna,Kindred",2931652059,1
502,"Nidalee,Brand,Lucian,Talon,Zyra,Kaisa,Aatrox,Poppy,Lissandra,Soraka",2931614583,1
503,"Caitlyn,Kayn,Lissandra,Braum,Sion,Jinx,Zed,Thresh,Talon,Diana",2931604300,0
504,"Brand,Lucian,Lissandra,Darius,Kayn,Blitzcrank,Talon,Graves,Ezreal,Illaoi",2931089415,1
505,"Thresh,Talon,Camille,Lucian,Illaoi,Darius,Annie,Morgana,LeeSin,Caitlyn",2931080124,1
506,"Lucian,LeeSin,Shen,Blitzcrank,Talon,Tryndamere,Shaco,Alistar,Kaisa,Fizz",2931060460,1
507,"XinZhao,Kaisa,Thresh,Galio,Darius,Riven,Zyra,Pantheon,Sivir,Neeko",2929705726,1
508,"Darius,Shaco,Sivir,Blitzcrank,Kassadin,Warwick,Illaoi,Zoe,Lucian,Morgana",2929677453,1
509,"Karthus,Tryndamere,Blitzcrank,Jhin,Gragas,Irelia,Camille,Lissandra,Soraka,Lucian",2929103594,0
510,"Nocturne,Leblanc,Sion,Nami,Ezreal,Fiora,Rammus,Zoe,Lucian,Thresh",2898342232,0
511,"Ahri,Nidalee,Janna,Viktor,Lucian,Ornn,Jhin,Zilean,Zed,Hecarim",2893932307,0
512,"Tristana,Kayn,Zyra,Talon,Graves,Ezreal,Thresh,XinZhao,Kassadin,Illaoi",2893919938,0
513,"Shen,Jinx,Irelia,Lux,Rengar,Malphite,Lucian,Thresh,Lissandra,Kayn",2893618282,0
514,"Brand,Jhin,Nidalee,Jax,Urgot,Thresh,Khazix,Riven,Kaisa,Annie",2887300970,0
515,"Thresh,Talon,Heimerdinger,Caitlyn,Graves,Yasuo,Ezreal,Veigar,Khazix,Singed",2887212726,0
516,"Kaisa,Malzahar,Akali,XinZhao,Alistar,Khazix,Ahri,Zyra,Singed,Caitlyn",2887195129,1
517,"Hecarim,Ekko,Pyke,Jhin,Singed,Urgot,Syndra,Draven,Thresh,Rengar",2885018434,0
518,"Jinx,Amumu,Thresh,Irelia,Malphite,Graves,Fiora,Jhin,Alistar,Camille",2884634154,0
519,"Elise,Darius,Thresh,Tristana,Ekko,Malzahar,MissFortune,Khazix,Camille,Alistar",2884640558,1
520,"Singed,Ezreal,Lissandra,Gragas,Xerath,XinZhao,Darius,Poppy,Jinx,Karthus",2932252924,0
521,"Aatrox,MonkeyKing,Thresh,Sivir,Kled,Brand,Darius,LeeSin,Kaisa,Lissandra",2932160659,1
522,"MissFortune,Camille,Ahri,Darius,Soraka,Garen,Evelynn,Leona,Galio,Ezreal",2932132082,0
523,"Nasus,Vayne,Evelynn,Pyke,Xerath,Rengar,Ekko,Kaisa,Morgana,Viktor",2901469982,0
524,"XinZhao,Garen,Sivir,Poppy,Kled,Tryndamere,Ivern,Annie,Taric,Ezreal",2894241624,1
525,"Diana,Ekko,Jinx,Shen,Kled,Akali,Twitch,Thresh,Rammus,Gangplank",2883540404,1
526,"Galio,Varus,Zed,Jax,Fiddlesticks,Jhin,Riven,Cassiopeia,Pyke,Elise",2883119614,0
527,"LeeSin,Kaisa,TahmKench,Galio,Morgana,Gangplank,Sona,Khazix,Brand,Darius",2883135072,0
528,"Orianna,Darius,Jax,Jhin,Gragas,Rengar,Sion,Lucian,Morgana,Diana",2878656245,0
529,"Ekko,Jax,Pantheon,Kaisa,Pyke,Yasuo,Morgana,Kled,Lucian,Gragas",2875235126,0
530,"Volibear,Morgana,Lucian,Kassadin,Irelia,Fiddlesticks,Diana,Khazix,Viktor,Ezreal",2897962483,0
531,"Zyra,Xayah,Akali,Kassadin,MasterYi,TahmKench,Annie,Nasus,Kayn,Lucian",2881194010,1
532,"Kaisa,Morgana,Kassadin,Olaf,Kled,Urgot,Veigar,Rakan,Xayah,RekSai",2881156479,1
533,"Lucian,Urgot,Udyr,Veigar,Bard,Swain,Graves,Lulu,Darius,Vayne",2876230306,0
534,"Kassadin,Illaoi,Alistar,Kaisa,Nidalee,Olaf,Thresh,Sivir,XinZhao,Talon",2876188448,0
535,"Zyra,Skarner,Olaf,Veigar,MissFortune,Karma,Rammus,Quinn,Kaisa,Kassadin",2876184450,0
536,"Kassadin,Irelia,Kayn,Ekko,Pyke,Sona,Elise,Ryze,Nasus,Xayah",2876149690,0
537,"Kaisa,Khazix,Kassadin,Sion,Thresh,Lissandra,Aatrox,Varus,Riven,Brand",2876153997,0
538,"Kled,Jhin,Khazix,Alistar,Viktor,Nidalee,Nami,Vayne,Sion,Ahri",2876129139,1
539,"Veigar,Jhin,Nidalee,Irelia,Alistar,Leblanc,Vayne,Gragas,Graves,Garen",2872859916,0
540,"Talon,Orianna,Viktor,Jax,MissFortune,Cassiopeia,Rakan,Yasuo,Draven,Ekko",2894301528,0
541,"Khazix,Lucian,Lissandra,Sion,Velkoz,MonkeyKing,Morgana,Viktor,Akali,Xayah",2894272249,1
542,"Kaisa,Illaoi,Velkoz,Orianna,Jax,Leblanc,MasterYi,Jinx,Morgana,Darius",2894223762,0
543,"Pantheon,Annie,Jax,Pyke,Ezreal,Irelia,Khazix,Xayah,Singed,Velkoz",2893484752,0
544,"DrMundo,Kindred,Zed,Bard,Lucian,Corki,MissFortune,Jax,Volibear,Karma",2893429036,1
545,"Gragas,Zed,Kaisa,Alistar,Malphite,Fizz,Viktor,Bard,Ezreal,Shaco",2892734612,0
546,"Velkoz,Urgot,Xayah,Graves,Leblanc,Jhin,Khazix,Soraka,Ornn,Kassadin",2892725069,1
547,"Lissandra,Sion,Kaisa,Vi,Velkoz,Leona,Kayn,Jhin,Vladimir,Lux",2892713870,0
548,"Zed,Evelynn,Kennen,Lucian,Thresh,Rengar,Rakan,Xayah,Zilean,Ornn",2892109333,0
549,"Bard,Kassadin,Sion,Jhin,Udyr,Gragas,Talon,Lucian,Braum,DrMundo",2891835161,1
550,"Teemo,Thresh,Kassadin,XinZhao,MissFortune,Shaco,Rengar,Lucian,Ryze,Nautilus",2924313912,0
551,"Yasuo,Ezreal,Riven,Velkoz,Khazix,Darius,Zed,Brand,Orianna,XinZhao",2923408084,1
552,"LeeSin,Teemo,Rengar,Ezreal,Morgana,Khazix,Vladimir,Vayne,Thresh,Galio",2923358240,0
553,"Viktor,Pyke,Hecarim,Varus,Yasuo,Malzahar,Lucian,Soraka,Jhin,Riven",2923249828,1
554,"Varus,Yasuo,Thresh,Sion,Khazix,Trundle,Kaisa,Pyke,Karthus,Graves",2923216129,0
555,"Riven,Janna,Ahri,Khazix,Kaisa,Pyke,Fiddlesticks,Lucian,Yasuo,Fiora",2923200564,1
556,"Shaco,Yasuo,Jhin,Alistar,Vladimir,Annie,Rengar,Lucian,Lux,Teemo",2922412058,0
557,"Riven,Gragas,Yasuo,MissFortune,Pyke,Amumu,Ezreal,Swain,Zoe,Sona",2922403334,0
558,"Rengar,Viktor,Yasuo,Thresh,Karthus,Alistar,Twitch,Ahri,TwistedFate,Shyvana",2920254922,0
559,"Orianna,MasterYi,Rengar,Pyke,Vayne,Yasuo,Ezreal,Sona,Darius,LeeSin",2920249902,1
560,"Hecarim,Kassadin,Vayne,Shen,Morgana,Yasuo,Gnar,Alistar,Syndra,JarvanIV",2932642893,0
561,"MasterYi,Bard,Kaisa,Zoe,Urgot,Veigar,Irelia,Nami,Rengar,Lucian",2932660324,1
562,"Hecarim,Viktor,Twitch,Taliyah,Jhin,Kaisa,Talon,Khazix,Kayle,Lux",2915126701,1
563,"Ryze,Jax,Khazix,Bard,Kaisa,Irelia,Thresh,Tristana,Vladimir,Kayn",2908522678,1
564,"Malphite,Ezreal,Nocturne,Yasuo,Karma,Ahri,Camille,Tristana,Irelia,Lulu",2890274706,0
565,"Kaisa,Leona,Nocturne,Urgot,Vladimir,Ezreal,Ryze,Nasus,LeeSin,Morgana",2885191740,1
566,"Lucian,Nidalee,Jax,Blitzcrank,Kayle,Jhin,Nami,Akali,Kaisa,Irelia",2883303988,0
567,"Lissandra,Gragas,Pyke,Ornn,Kaisa,Jayce,Sivir,Sejuani,Poppy,Anivia",2874473977,1
568,"Sion,Vayne,Pantheon,Nami,Fiora,Soraka,Sivir,Kindred,Viktor,Irelia",2873619776,1
569,"Irelia,Kassadin,Taliyah,Nami,Vayne,Jax,Graves,Xerath,Ashe,Cassiopeia",2871282701,1
570,"MissFortune,Zyra,Riven,Warwick,Yasuo,Leona,Amumu,Neeko,Fiora,Lucian",2931748897,1
571,"Khazix,Galio,Leona,Ezreal,Garen,MasterYi,Rakan,Xayah,Malphite,Gangplank",2931755320,0
572,"Yasuo,MasterYi,Garen,Brand,Talon,Udyr,Nami,Ezreal,Teemo,Darius",2931752776,0
573,"Kaisa,Pyke,Malphite,Graves,Darius,KogMaw,TwistedFate,Blitzcrank,Jax,Nocturne",2931709533,1
574,"Akali,Draven,Darius,Karma,Pantheon,Ahri,RekSai,Jayce,KogMaw,Sona",2929218741,1
575,"Malzahar,Zyra,LeeSin,Renekton,KogMaw,Aatrox,Lissandra,Morgana,Urgot,Jinx",2929235358,0
576,"Cassiopeia,Morgana,Jinx,Aatrox,Camille,Zoe,KogMaw,Bard,Jax,Neeko",2929232278,0
577,"Veigar,Shen,Khazix,Lucian,Lux,Ahri,Garen,Xerath,Ekko,Caitlyn",2920655925,0
578,"Zyra,Kayn,Jhin,XinZhao,Viktor,Lissandra,Karthus,LeeSin,Gangplank,Lux",2920125095,0
579,"Warwick,Tryndamere,Aatrox,Caitlyn,Morgana,Nocturne,Illaoi,Malzahar,Rakan,Xayah",2920144175,0
580,"Nunu,Rumble,Bard,Kaisa,Fizz,Lucian,Morgana,Kassadin,JarvanIV,Tryndamere",2904322873,1
581,"Kennen,Sona,Sivir,XinZhao,Fizz,Lucian,JarvanIV,Sion,Brand,Ekko",2900007128,1
582,"Alistar,Lucian,Orianna,Camille,Gangplank,Malphite,Sion,MasterYi,Kaisa,Thresh",2890422759,0
583,"Urgot,Morgana,Kaisa,Gragas,Lux,TwistedFate,Twitch,Lulu,Evelynn,Sion",2890403351,0
584,"Thresh,Jhin,Khazix,Renekton,Ekko,Pyke,LeeSin,Nasus,Twitch,Yasuo",2888943984,1
585,"Ekko,Teemo,Morgana,Kaisa,Talon,Draven,Zyra,Galio,Nocturne,Pantheon",2888761457,1
586,"LeeSin,Leblanc,Anivia,Lucian,Braum,Urgot,Taric,Syndra,Draven,Gragas",2888725279,0
587,"Braum,Orianna,Aatrox,Jhin,Hecarim,Lissandra,XinZhao,Kaisa,Morgana,Veigar",2888650241,0
588,"Heimerdinger,Kaisa,Ryze,Soraka,Udyr,Shaco,Ahri,Lucian,Nautilus,Thresh",2888606045,1
589,"Blitzcrank,Ahri,Shaco,Kaisa,Shen,Olaf,Leblanc,Ryze,Draven,Morgana",2888586722,1
590,"Viktor,Khazix,Malzahar,Tristana,Gragas,Camille,DrMundo,Akali,Draven,Nami",2907897749,1
591,"Malzahar,Vayne,Bard,DrMundo,Kayn,Camille,Kassadin,Lucian,Sion,Nasus",2907877429,0
592,"Kayn,Alistar,Kaisa,Sion,Zilean,Rumble,Kassadin,Sivir,Camille,Thresh",2907835841,1
593,"Lucian,Zyra,Zed,Graves,Gnar,Sona,Viktor,Kayn,Kassadin,Tristana",2907805547,1
594,"Jinx,Jax,Kassadin,Taliyah,Bard,Syndra,LeeSin,Fiora,Nami,Kaisa",2907500726,0
595,"Anivia,Urgot,Blitzcrank,Gnar,Ezreal,Shaco,TwistedFate,Leona,Lucian,Darius",2907314694,1
596,"XinZhao,Lucian,Kennen,Karthus,Lulu,Jhin,Blitzcrank,Ekko,Kayn,Riven",2907287612,0
597,"Kassadin,Riven,Kaisa,Graves,Pyke,Ezreal,Lissandra,Braum,Jax,Pantheon",2907259240,0
598,"Jhin,Braum,Orianna,Camille,Teemo,Morgana,Kassadin,Lucian,Urgot,Graves",2907089500,1
599,"Kassadin,Graves,Rumble,Soraka,Lucian,Irelia,TwistedFate,Karthus,Thresh,XinZhao",2907091975,0
600,"Zed,Sivir,Shyvana,Malphite,Zyra,Annie,Riven,Xerath,Draven,MasterYi",2931766407,0
601,"Aatrox,Chogath,Taric,XinZhao,Kaisa,Vayne,Katarina,LeeSin,Riven,Thresh",2931753495,0
602,"Taric,Rammus,Renekton,Anivia,Lucian,Kaisa,Camille,Sion,Morgana,TwistedFate",2931741592,0
603,"Gragas,Aatrox,Riven,Sivir,Nidalee,Neeko,Taric,Ezreal,Garen,Karthus",2931719444,0
604,"Riven,Galio,Neeko,XinZhao,Ezreal,KogMaw,Pantheon,Irelia,Taric,Jayce",2931707293,1
605,"Lulu,Veigar,Graves,Twitch,Malphite,Sona,Orianna,Jhin,Jax,Rammus",2931661338,0
606,"Leblanc,Jhin,Darius,Thresh,Nidalee,Zoe,Heimerdinger,Aatrox,Graves,Shen",2931609285,1
607,"Kayn,Velkoz,Akali,Lucian,Kennen,Camille,Cassiopeia,Taric,Jax,Ezreal",2931578063,0
608,"Caitlyn,Soraka,Darius,Karthus,Kindred,Sion,Khazix,Kassadin,Taric,Heimerdinger",2931550856,0
609,"Jhin,Leblanc,Brand,Lissandra,Graves,Kayn,Sivir,Taric,Lucian,Irelia",2931540332,1
610,"Karthus,TahmKench,Kaisa,Hecarim,Lux,Braum,Caitlyn,Annie,Jax,Urgot",2899579148,1
611,"Karthus,Sejuani,Gnar,Lulu,Ezreal,Malphite,Leblanc,Draven,Zilean,Rengar",2886286469,0
612,"TahmKench,Shen,Trundle,Jhin,Vladimir,Illaoi,Pyke,Vayne,Malzahar,Vi",2886290024,1
613,"Skarner,Brand,Zed,Urgot,Ezreal,Nami,TahmKench,Leblanc,Tristana,Kayn",2886249188,0
614,"Teemo,Kayn,Varus,Darius,Syndra,Elise,Ahri,Thresh,TahmKench,MissFortune",2886219558,0
615,"Fiddlesticks,Yasuo,Fizz,Garen,Rengar,Galio,TahmKench,Twitch,Blitzcrank,Shaco",2873476468,1
616,"Elise,Ahri,Brand,Jhin,TahmKench,XinZhao,Ziggs,Bard,Kaisa,Fiora",2873472453,1
617,"Riven,Zoe,Gragas,Kalista,Thresh,TahmKench,Morgana,XinZhao,Caitlyn,Ahri",2873166650,0
618,"Graves,Chogath,Zed,Jhin,Bard,TahmKench,Kindred,Akali,MissFortune,Thresh",2873136683,0
619,"Velkoz,Gangplank,Zilean,Lucian,Graves,Nami,TahmKench,Kindred,Lux,Jhin",2873121510,1
620,"Irelia,Nidalee,Quinn,Aatrox,Fiddlesticks,Fiora,Ezreal,Diana,Graves,Morgana",2897827740,1
621,"Thresh,XinZhao,Yasuo,Twitch,Lissandra,Ahri,Nautilus,Graves,Vayne,Morgana",2892207957,0
622,"Khazix,Lulu,Azir,Sivir,Sion,Xayah,Morgana,Ekko,Kayn,Fiora",2892203409,1
623,"Tryndamere,Ahri,Tristana,TahmKench,LeeSin,Morgana,Hecarim,Poppy,Lucian,Yasuo",2892183000,1
624,"Lucian,Nocturne,Gangplank,Thresh,Yasuo,Kaisa,Morgana,Ekko,LeeSin,Gnar",2885677545,0
625,"Kaisa,Zilean,Mordekaiser,Zac,TwistedFate,Aatrox,Brand,Malzahar,Ezreal,Lucian",2885157924,0
626,"Kassadin,Hecarim,Talon,Kaisa,Braum,Leona,MissFortune,Urgot,TwistedFate,Khazix",2885132837,1
627,"Ezreal,DrMundo,Gragas,Morgana,Zyra,Thresh,Sivir,Olaf,Brand,Ekko",2884871982,0
628,"MissFortune,Ahri,Leona,Urgot,Gragas,Nasus,Kaisa,Janna,Nocturne,Xerath",2884163348,0
629,"Jhin,Darius,Syndra,Nami,Rengar,Khazix,TwistedFate,Lucian,Renekton,Janna",2879486856,0
630,"Rakan,Xayah,MasterYi,Vladimir,Zoe,Kaisa,Nami,Rengar,Irelia,Riven",2912613991,1
631,"Kaisa,Leblanc,Hecarim,Yorick,Janna,Nunu,Fiddlesticks,Sivir,Veigar,Renekton",2912583236,1
632,"Blitzcrank,Riven,TwistedFate,Graves,Kaisa,Jayce,LeeSin,Lucian,Lissandra,Brand",2911616211,1
633,"Camille,Lucian,Braum,Irelia,Kassadin,Lux,Kaisa,MasterYi,Alistar,Fiora",2911601819,0
634,"Alistar,Fiora,Kassadin,Zac,MissFortune,Anivia,Rakan,Xayah,Shaco,Aatrox",2908076751,1
635,"Hecarim,Pyke,Sivir,Lux,Malphite,Xayah,Nami,Fiora,Annie,Graves",2908067380,1
636,"Annie,Pantheon,Kaisa,Riven,Blitzcrank,Shaco,Ekko,Irelia,Ezreal,Bard",2908039177,0
637,"Shaco,Bard,Camille,Zilean,MissFortune,Kaisa,Lissandra,Tryndamere,Fiddlesticks,Blitzcrank",2907998127,0
638,"TwistedFate,Lucian,Darius,Kayn,Velkoz,RekSai,Yasuo,Ahri,Alistar,Ashe",2907967881,1
639,"Vayne,Lux,Ahri,Shyvana,Darius,Kennen,LeeSin,Xayah,Anivia,Thresh",2906937440,1
640,"Cassiopeia,Camille,Braum,Kaisa,Pantheon,Neeko,Zyra,Galio,Irelia,Kayn",2931195489,1
641,"Neeko,Lulu,Lux,Sivir,Riven,Syndra,Tryndamere,Rengar,Janna,Lucian",2931168117,1
642,"Galio,Renekton,Evelynn,Nami,Ezreal,Irelia,Elise,Sona,Sivir,Jax",2930804795,1
643,"Alistar,Kaisa,Illaoi,Ahri,JarvanIV,Fizz,Jhin,Sona,Renekton,LeeSin",2930798485,0
644,"Kaisa,Jax,Neeko,Pyke,Rengar,Graves,Janna,Kassadin,Vayne,Sion",2930765052,1
645,"MissFortune,Leona,Aatrox,Camille,Ekko,AurelionSol,Xayah,Sona,LeeSin,Sion",2930664900,1
646,"Camille,Pyke,Galio,Lucian,Riven,XinZhao,Jhin,Zilean,Lissandra,Irelia",2930635348,1
647,"Ezreal,Pantheon,Kayn,Annie,Bard,Janna,Tryndamere,Kaisa,Lissandra,Nidalee",2929882619,0
648,"Yasuo,Evelynn,Nautilus,Zyra,Ezreal,Malphite,Nami,Jhin,Jax,LeeSin",2929759693,0
649,"Khazix,Soraka,MissFortune,Ryze,MonkeyKing,Karthus,XinZhao,Riven,Pyke,Draven",2929773816,1
650,"Karthus,Zoe,Evelynn,Jayce,Pyke,Irelia,Blitzcrank,Kayn,Heimerdinger,Malzahar",2930663987,0
651,"Ezreal,LeeSin,Ekko,Aatrox,Zyra,Karma,XinZhao,Draven,Viktor,Kassadin",2930652047,0
652,"Brand,JarvanIV,Heimerdinger,Malzahar,Ekko,Jayce,Velkoz,Fiddlesticks,Rammus,Ezreal",2929816972,0
653,"Khazix,Kaisa,Aatrox,Pantheon,Thresh,Blitzcrank,Fiora,Jinx,Kayn,Irelia",2929824976,0
654,"JarvanIV,Draven,Akali,Kassadin,Nami,Zyra,Nidalee,Ezreal,Diana,Yasuo",2929823242,1
655,"Kaisa,Kennen,Galio,Nidalee,Lulu,Malphite,TwistedFate,Graves,Jhin,Janna",2928237666,1
656,"Aatrox,Malzahar,Veigar,Zilean,Heimerdinger,Sion,Kayn,Morgana,Viktor,Zoe",2928224343,0
657,"Jhin,Xerath,Renekton,Mordekaiser,Amumu,Rakan,Kennen,Malzahar,Quinn,Xayah",2928207299,0
658,"Thresh,Lucian,Khazix,Aatrox,Lissandra,Alistar,Vi,Poppy,Jhin,Ziggs",2920971479,0
659,"MissFortune,Lux,Lissandra,Hecarim,JarvanIV,Lucian,Aatrox,Galio,Khazix,Leona",2920118244,1
660,"Khazix,MonkeyKing,Janna,Vayne,Diana,Graves,Zoe,Kaisa,Camille,Pyke",2929385708,1
661,"Irelia,Neeko,Ahri,LeeSin,Ezreal,Janna,Kaisa,Pantheon,Talon,Elise",2929362792,0
662,"Darius,Khazix,Jhin,Ahri,Sona,Graves,Riven,Mordekaiser,Alistar,Xayah",2929221613,0
663,"TahmKench,Neeko,Zed,Rumble,Shaco,Fizz,Akali,Ashe,LeeSin,Nami",2929195723,0
664,"Volibear,Ahri,LeeSin,Caitlyn,Janna,Ezreal,Jax,Leblanc,Nami,Evelynn",2929190047,1
665,"Lucian,Brand,Ivern,Tryndamere,Ahri,Urgot,Janna,Evelynn,Lissandra,Sivir",2929172297,1
666,"Lucian,Zyra,Warwick,Irelia,Gangplank,Jax,Janna,LeeSin,Malzahar,Draven",2929107714,1
667,"Karthus,Riven,Camille,Malphite,Jhin,Thresh,Xerath,Lucian,Graves,Singed",2927176632,0
668,"Yasuo,Alistar,LeeSin,MonkeyKing,Jhin,Nocturne,Fizz,Gangplank,Karma,Tristana",2927135065,0
669,"Blitzcrank,Fizz,Kayn,Camille,Lucian,Caitlyn,Thresh,Aatrox,XinZhao,Jax",2925975966,1
670,"Jax,Nidalee,Yasuo,Karthus,Bard,Garen,Ezreal,Caitlyn,Lissandra,Evelynn",2916347827,1
671,"Lucian,Graves,Ahri,Lux,Viktor,Galio,Rakan,Yasuo,Rengar,Aatrox",2915859588,0
672,"Lucian,Gragas,Morgana,JarvanIV,Zed,Fiora,Hecarim,Vayne,Nami,Kassadin",2915833842,1
673,"Karthus,Chogath,Aatrox,MasterYi,Soraka,Ahri,Vi,Riven,Brand,Jhin",2915808023,1
674,"Viktor,Jhin,DrMundo,Rakan,Hecarim,Kayn,Orianna,Sion,MissFortune,Xerath",2915783297,1
675,"Evelynn,Swain,Tristana,Lulu,Varus,Morgana,Lucian,Karthus,Camille,Riven",2914809676,0
676,"Yasuo,Elise,Thresh,Pyke,Tristana,Camille,Ezreal,Leona,LeeSin,Lissandra",2895035003,1
677,"Kaisa,Thresh,Rammus,Yasuo,Darius,Talon,Camille,Morgana,Evelynn,Ashe",2876276640,1
678,"Evelynn,Orianna,Thresh,Darius,Jhin,Sivir,Nunu,Shen,Renekton,Yasuo",2857415806,1
679,"Jhin,Taliyah,Yasuo,Akali,Janna,Ekko,Nami,Jinx,Malphite,Zed",2845821635,0
680,"Tryndamere,Rammus,TahmKench,Xayah,Ryze,Jhin,Amumu,Irelia,Vladimir,Janna",2889900336,0
681,"Thresh,Nidalee,Lucian,Fiora,Viktor,Vladimir,Xerath,Warwick,Morgana,Jhin",2870490381,1
682,"Camille,Galio,Kaisa,Vladimir,Nami,Lissandra,Sion,Lucian,Nocturne,Braum",2870443745,0
683,"Graves,Lissandra,Riven,Alistar,Kaisa,RekSai,Fizz,Jhin,Lulu,Vladimir",2870425167,0
684,"Kled,Lucian,LeeSin,Vladimir,Pyke,Kayn,Kassadin,MissFortune,Soraka,Yasuo",2870386927,0
685,"Ziggs,Shaco,Vladimir,Leona,Kaisa,Shen,Cassiopeia,Evelynn,Riven,Jhin",2870345575,0
686,"Vladimir,Vayne,Alistar,Xerath,Graves,Jhin,Chogath,Zilean,MasterYi,Cassiopeia",2870139629,0
687,"Vayne,Graves,Bard,Xerath,Vladimir,Lucian,Nami,Galio,Gangplank,Karthus",2870097096,0
688,"MissFortune,Janna,Aatrox,Kassadin,Trundle,Nami,Rengar,Leblanc,Vladimir,Shaco",2869700878,1
689,"Vladimir,Tristana,TwistedFate,Pyke,Udyr,Kayle,Zilean,Katarina,Xayah,Graves",2869632946,0
690,"Ezreal,Renekton,Morgana,Brand,Khazix,Galio,Camille,Zyra,Fiora,Yasuo",2929483218,1
691,"Orianna,Ezreal,Ornn,LeeSin,Leona,Zed,Udyr,Sivir,Brand,Illaoi",2929467311,1
692,"Zed,Ashe,Thresh,Nidalee,Kennen,LeeSin,Lucian,Sona,Xerath,Karma",2929439601,1
693,"Tryndamere,Alistar,Kennen,Fizz,Jhin,Ashe,Taric,Ivern,Rengar,Leblanc",2929430124,1
694,"Malphite,Graves,Zyra,Ezreal,Viktor,Riven,Yasuo,Lulu,Jax,Kassadin",2927664485,1
695,"Sion,Tristana,Zoe,LeeSin,Morgana,Volibear,Graves,Thresh,Ashe,Katarina",2927618138,1
696,"Caitlyn,Evelynn,Bard,Olaf,Ahri,Irelia,Rakan,Brand,Nidalee,Yasuo",2927277362,1
697,"Braum,Nidalee,Zoe,Jax,Ezreal,Thresh,JarvanIV,Neeko,Elise,Yasuo",2927227097,0
698,"Irelia,MasterYi,Swain,Zed,Ivern,Lux,Rammus,Kaisa,Jax,Lucian",2912162757,1
699,"Shen,Zed,Camille,Draven,Leona,Viktor,Quinn,Thresh,Khazix,Zoe",2912132968,0
700,"Shen,Leblanc,MissFortune,Braum,Taliyah,Graves,Lulu,Ornn,Syndra,Lucian",2909692703,1
701,"Vladimir,TahmKench,Graves,Ezreal,Leona,Pyke,Kaisa,Khazix,Kassadin,Sion",2904160446,1
702,"Lucian,Kassadin,Ekko,Tryndamere,Thresh,Amumu,Kaisa,Darius,Braum,Aatrox",2903928434,1
703,"Draven,Jax,Lulu,Katarina,Camille,Alistar,Anivia,KogMaw,Darius,Khazix",2898084827,1
704,"Tristana,Alistar,Kayn,Khazix,Ahri,Rengar,Karthus,Graves,Jhin,Pyke",2884198328,0
705,"Sion,Nami,Xerath,Tristana,Kayn,Aatrox,Morgana,Vayne,Rengar,Vladimir",2883881940,1
706,"Camille,Shen,Evelynn,Ahri,Kaisa,Kayn,DrMundo,Viktor,Vayne,Alistar",2883856070,1
707,"Ekko,Nautilus,Lucian,Jax,Rengar,Pyke,Camille,Kayn,Irelia,Ezreal",2883800750,1
708,"TahmKench,Anivia,Kayn,Draven,Thresh,Nidalee,Garen,Malzahar,Nami,Lucian",2883250291,0
709,"Aatrox,Graves,Nautilus,Gnar,Caitlyn,Khazix,Cassiopeia,Lux,Jhin,Nami",2881791518,0
710,"Fizz,Jax,Leona,Lucian,Khazix,Kindred,Kassadin,Irelia,Nidalee,Tryndamere",2908494943,0
711,"Kayn,Lux,Jax,Leona,Kaisa,Irelia,Nautilus,Xayah,JarvanIV,Brand",2908477813,0
712,"Nasus,Syndra,Thresh,XinZhao,Jhin,Tristana,Jax,Leona,RekSai,Leblanc",2908459987,1
713,"Tryndamere,Leona,Caitlyn,Volibear,Ekko,Udyr,Lucian,Ornn,Karma,Janna",2908439767,1
714,"Camille,Leona,Leblanc,MasterYi,Kaisa,Thresh,Yasuo,Kennen,Jhin,Kayn",2908412018,1
715,"Thresh,Khazix,Vladimir,Lucian,Singed,Diana,Aatrox,Leona,Sivir,Ekko",2908371676,1
716,"Azir,Jax,Leona,Lux,Pantheon,Hecarim,Thresh,Malzahar,Draven,Singed",2908362588,0
717,"Tryndamere,Pyke,Nasus,Lucian,Ekko,Kaisa,Kayn,Fizz,Jax,Leona",2908337252,0
718,"Ashe,Kassadin,Khazix,Camille,Leona,Akali,Xayah,Pyke,Jayce,Udyr",2908297850,0
719,"Twitch,Lulu,Camille,Leona,Kaisa,Ezreal,Hecarim,Orianna,Yasuo,Thresh",2908293634,0
720,"Ahri,Shaco,Riven,Lucian,Bard,LeeSin,Ezreal,Jax,Kennen,Gragas",2926883280,0
721,"Ahri,Karma,Sivir,Yasuo,Shaco,Kindred,Xerath,Renekton,Twitch,Pyke",2926836450,1
722,"Riven,Ezreal,Zed,Sona,Mordekaiser,Morgana,Trundle,Kaisa,RekSai,Xerath",2926834941,0
723,"Fiora,Lux,Jhin,Amumu,Kassadin,Ezreal,Rengar,Thresh,Pantheon,Kennen",2926734102,1
724,"TahmKench,Teemo,Leblanc,MissFortune,JarvanIV,Ezreal,Shaco,Zyra,Pantheon,Kennen",2926364414,1
725,"Leblanc,Brand,Lucian,Viktor,LeeSin,Malphite,Zed,Ezreal,Velkoz,Shaco",2925979115,1
726,"Graves,Tristana,Akali,TahmKench,Lux,Xerath,Lucian,Jax,Vi,Morgana",2925962077,1
727,"MasterYi,Taric,Lucian,Soraka,Darius,Mordekaiser,Evelynn,Ashe,Yasuo,Thresh",2925928391,1
728,"Lux,Xerath,Ezreal,Heimerdinger,LeeSin,Renekton,Graves,Zilean,Thresh,Draven",2925925543,1
729,"Heimerdinger,Sona,Khazix,Gragas,Irelia,Lucian,Maokai,Shaco,Pyke,Yasuo",2925898480,1
730,"Kaisa,Braum,AurelionSol,Rengar,Cassiopeia,Nami,Yasuo,Taric,MasterYi,Ezreal",2929595318,0
731,"MasterYi,Janna,Sivir,Leblanc,Renekton,Xerath,Ezreal,Swain,Zed,Nocturne",2905520719,1
732,"Ezreal,Pyke,Lissandra,Hecarim,Irelia,Lucian,Yasuo,Urgot,Jax,Janna",2905475287,0
733,"RekSai,Lucian,Thresh,Leblanc,Darius,Diana,Kaisa,MasterYi,Janna,Garen",2905466112,1
734,"Kayn,Poppy,Vladimir,Kaisa,Janna,XinZhao,Soraka,Ezreal,Urgot,Malzahar",2905347798,0
735,"Sion,Azir,Nunu,Kaisa,Morgana,Garen,Janna,Nidalee,Teemo,Vayne",2904828917,1
736,"Kassadin,XinZhao,Kled,Lucian,Janna,Jax,TahmKench,Ashe,Kayn,Viktor",2904833105,0
737,"Lucian,Katarina,Shaco,Janna,Poppy,Pyke,Kled,Fizz,Twitch,Ekko",2904781115,0
738,"Jax,Orianna,Nocturne,Janna,Sivir,Nidalee,Aatrox,Nami,Lucian,Kassadin",2904764026,0
739,"Vladimir,Sivir,Shen,Alistar,Rengar,Kaisa,Janna,Syndra,Graves,Fiora",2904749425,1
740,"Kayn,Zilean,Draven,Jayce,Sona,Teemo,MissFortune,Alistar,Xerath,Gragas",2903193184,0
741,"Galio,Teemo,Lulu,Kaisa,XinZhao,Lucian,Malzahar,Thresh,Sion,Evelynn",2886232718,0
742,"Thresh,Lucian,Evelynn,TahmKench,Teemo,Taliyah,Tryndamere,Yasuo,Kaisa,Leona",2868685469,0
743,"Kaisa,Akali,Udyr,Ahri,Sona,Lucian,Pyke,Teemo,Kayn,TwistedFate",2853079851,1
744,"Evelynn,Akali,Caitlyn,Talon,Alistar,Ezreal,Kayn,Teemo,Azir,Braum",2851848690,1
745,"Kaisa,MonkeyKing,Renekton,Nami,Teemo,Lucian,Pyke,Zac,Akali,Zoe",2850033923,0
746,"Nautilus,Teemo,Taliyah,Kaisa,Nunu,Kassadin,Fiddlesticks,Aatrox,Thresh,Lucian",2850021339,1
747,"XinZhao,Rengar,Pyke,Cassiopeia,Kaisa,Teemo,Tristana,Brand,Janna,LeeSin",2849471034,1
748,"Chogath,Talon,Ezreal,Braum,TahmKench,Kled,Teemo,Nautilus,Khazix,Ashe",2849433994,1
749,"Kayn,Ashe,Nidalee,Bard,Akali,Twitch,Talon,Singed,Teemo,Velkoz",2849419160,0
750,"Irelia,Tryndamere,Soraka,Kaisa,Kindred,Varus,Thresh,MissFortune,Evelynn,Pantheon",2932524487,1
751,"Kled,Shaco,Thresh,Cassiopeia,Lux,MonkeyKing,Ashe,Viktor,Graves,Sona",2932497891,0
752,"Udyr,Chogath,MissFortune,Ezreal,Syndra,Orianna,Morgana,LeeSin,TahmKench,Kaisa",2931185616,0
753,"LeeSin,Yasuo,Fiora,Viktor,Lucian,Heimerdinger,Pyke,Blitzcrank,TwistedFate,Camille",2930912770,1
754,"Thresh,Lux,Rengar,Ezreal,Pantheon,Viktor,MasterYi,Caitlyn,Leona,DrMundo",2930705584,1
755,"Ahri,Poppy,Thresh,Viktor,Ezreal,Jhin,Graves,Orianna,Heimerdinger,Shen",2925406722,1
756,"Udyr,Fiddlesticks,Varus,Riven,Cassiopeia,Vayne,Nidalee,Maokai,Jayce,Sion",2925004230,1
757,"Bard,Irelia,Ezreal,Kassadin,Khazix,Talon,Poppy,Shen,Lucian,Brand",2923852741,0
758,"Blitzcrank,Ezreal,Amumu,Singed,Pyke,Yasuo,Brand,Caitlyn,Shaco,Malphite",2923814942,1
759,"Ekko,Jinx,Lux,Varus,Kled,Poppy,Lulu,Leblanc,Kayn,Caitlyn",2923669972,1
760,"AurelionSol,MissFortune,LeeSin,Maokai,Pyke,Cassiopeia,Lucian,Fiora,Lulu,Olaf",2932651872,0
761,"Soraka,Neeko,Lucian,Fiora,RekSai,Caitlyn,Renekton,Riven,Lulu,Ahri",2932629153,1
762,"Alistar,Ashe,Xerath,Irelia,Shaco,Leona,Aatrox,Swain,MasterYi,Cassiopeia",2932630060,0
763,"MissFortune,Jax,Leblanc,Leona,LeeSin,Sivir,Malzahar,XinZhao,Pyke,TwistedFate",2932606045,0
764,"Pyke,Warwick,Nocturne,Sivir,Viktor,Yasuo,Urgot,Kaisa,Zilean,Orianna",2931801667,1
765,"Veigar,Lucian,Urgot,Gragas,Leona,Lux,Nami,Rengar,Warwick,Caitlyn",2931768737,1
766,"MissFortune,Xerath,Pyke,Khazix,Sion,Urgot,Lulu,Ashe,MasterYi,Velkoz",2931729206,0
767,"Jax,Sion,Thresh,Draven,Jayce,Ezreal,Gragas,Fizz,Karma,Vayne",2931218589,1
768,"Draven,DrMundo,Pyke,Ryze,Khazix,Lissandra,Jhin,Aatrox,MasterYi,Brand",2931215138,1
769,"Janna,Akali,Xayah,Shaco,Udyr,Lucian,Camille,Ryze,Rumble,Karma",2931185631,1
770,"Riven,Jinx,Thresh,Xerath,Khazix,Rammus,Zed,Zyra,Jayce,Lucian",2929786340,0
771,"Draven,Olaf,Zed,Elise,Leona,Yasuo,Nami,Jax,Shaco,Twitch",2929703063,1
772,"Irelia,LeeSin,Ezreal,Katarina,Caitlyn,Darius,Janna,Vayne,Yasuo,Jax",2929479789,0
773,"Shen,MonkeyKing,Graves,Vladimir,Thresh,Pyke,Garen,Rengar,Viktor,Draven",2929387029,0
774,"Riven,Nami,MissFortune,Kassadin,Amumu,Camille,Karthus,Rakan,Kaisa,Yasuo",2920675431,0
775,"Lux,Gnar,Ezreal,Kennen,Kayle,Camille,Brand,Yasuo,Kindred,Swain",2920684230,1
776,"Nidalee,Jhin,Chogath,Riven,Thresh,Camille,Heimerdinger,Alistar,Zed,Ashe",2919347768,0
777,"Kayn,Shen,Jhin,Karma,Irelia,Darius,Veigar,Brand,Twitch,Aatrox",2919041584,1
778,"Aatrox,Jhin,Yasuo,Soraka,JarvanIV,Brand,Ziggs,Camille,Ahri,Yorick",2918535710,0
779,"Elise,Fizz,MissFortune,Ziggs,Renekton,Zyra,Lissandra,Aatrox,Kaisa,MasterYi",2918513681,0
780,"Ezreal,Nasus,Soraka,Vladimir,LeeSin,Leblanc,Nami,Chogath,Kaisa,Khazix",2906551504,0
781,"Azir,Lucian,Yorick,Braum,LeeSin,Ezreal,Zoe,Khazix,Renekton,Thresh",2894949726,0
782,"MonkeyKing,Vayne,Darius,Lissandra,Brand,Velkoz,Thresh,Draven,Kindred,Garen",2894955868,1
783,"Lux,Graves,Morgana,Sion,Tristana,Camille,Anivia,Shaco,Thresh,Lucian",2894942848,1
784,"Ornn,Akali,Draven,Pantheon,Soraka,Graves,Lux,Karma,Yasuo,Jhin",2894949798,0
785,"Irelia,Orianna,Nami,Pantheon,Jhin,Vladimir,Jax,Camille,Thresh,Vayne",2877589039,0
786,"Irelia,Fiddlesticks,Khazix,Anivia,Lucian,Varus,Nami,Ryze,Amumu,Fiora",2875526326,0
787,"Vladimir,MissFortune,Kayn,Ornn,Pyke,Vi,Sona,Aatrox,Corki,Veigar",2875513586,0
788,"Fizz,Fiddlesticks,Amumu,Jayce,Varus,Yasuo,Teemo,Hecarim,Jinx,Blitzcrank",2875488346,1
789,"Shaco,Vladimir,Pantheon,Vayne,Thresh,Yasuo,Lulu,Lucian,Hecarim,Fizz",2875506051,1
790,"TahmKench,MissFortune,Ahri,Aatrox,Jax,Heimerdinger,Singed,Kayn,Kaisa,Blitzcrank",2887671775,1
791,"Ekko,Kindred,Lucian,Riven,Thresh,Kled,Nunu,Zed,Maokai,Anivia",2887670170,0
792,"Evelynn,Thresh,Draven,Darius,Heimerdinger,Ezreal,Rengar,Karthus,Zyra,Renekton",2887619451,0
793,"Zilean,Kaisa,Heimerdinger,XinZhao,Darius,Jax,Malphite,MissFortune,Leona,Graves",2887632908,0
794,"Aatrox,Jinx,Velkoz,Kassadin,Ornn,Heimerdinger,XinZhao,Draven,Rumble,Pyke",2885030700,0
795,"MasterYi,Caitlyn,Alistar,AurelionSol,Darius,Aatrox,Gragas,Jinx,Janna,Heimerdinger",2885019748,0
796,"Urgot,LeeSin,Ahri,Thresh,Xayah,Twitch,Jax,Orianna,Braum,Vi",2884998909,0
797,"Twitch,Alistar,Heimerdinger,LeeSin,Riven,Sona,KogMaw,Karthus,Khazix,Vladimir",2884146124,1
798,"Ahri,Gangplank,JarvanIV,Blitzcrank,Kaisa,Heimerdinger,Ashe,Morgana,Tryndamere,Evelynn",2884130294,0
799,"LeeSin,Blitzcrank,Tristana,Gragas,Heimerdinger,Morgana,Veigar,Kindred,Kaisa,Renekton",2884116490,1
800,"Lucian,Ahri,Renekton,Thresh,Shaco,MasterYi,Kayn,Kaisa,Janna,Garen",2932651527,1
801,"Xerath,Graves,Lucian,Kled,Brand,Kassadin,Garen,Gragas,Thresh,Jhin",2932626789,1
802,"Riven,LeeSin,Zed,Jinx,Karma,Thresh,Lucian,Elise,Renekton,Leblanc",2932634211,1
803,"Jhin,Akali,Aatrox,Leona,Khazix,Diana,Pantheon,Lucian,Thresh,Kayle",2932620415,0
804,"Jhin,Nocturne,Pyke,Camille,Xerath,Fizz,Karma,Yasuo,Olaf,Lucian",2932527662,0
805,"Twitch,LeeSin,Maokai,Malphite,Ezreal,Gangplank,Chogath,Nunu,Pyke,Lucian",2931783908,0
806,"Ezreal,Amumu,Mordekaiser,Zilean,Nautilus,Ahri,Nasus,Jhin,Kayn,Soraka",2931782353,1
807,"Lucian,MasterYi,Maokai,Gragas,Urgot,Rammus,Yasuo,Riven,Velkoz,AurelionSol",2931749285,0
808,"Lissandra,Sion,Kindred,Thresh,Vayne,Nocturne,Lucian,Brand,Talon,Renekton",2931483869,1
809,"Karthus,Renekton,Kaisa,Nunu,Teemo,TwistedFate,LeeSin,Neeko,Pantheon,Lucian",2930907635,0
810,"Kled,Brand,Vladimir,Kaisa,Rumble,TwistedFate,Nocturne,Bard,Ezreal,Gangplank",2932951479,0
811,"Urgot,Lucian,Kled,Cassiopeia,Sona,Fiora,Thresh,Graves,Twitch,Rumble",2932925408,1
812,"Rumble,Pantheon,Lucian,Camille,Xerath,Urgot,Brand,Graves,Draven,TwistedFate",2932567292,1
813,"Rumble,Khazix,Urgot,Lucian,Braum,Pyke,Leblanc,Graves,Nunu,Draven",2932551848,1
814,"Jax,Rumble,Draven,Sona,Yasuo,Caitlyn,Aatrox,Kindred,Malphite,Janna",2932524020,1
815,"Ezreal,Udyr,Gangplank,Rumble,Thresh,Fiora,Ekko,Yasuo,Khazix,Pyke",2932513512,1
816,"Irelia,Lulu,Rumble,Twitch,Rengar,Kayle,Nami,Khazix,Kled,Vayne",2932473867,0
817,"MasterYi,Lulu,Kaisa,Gangplank,Karthus,Twitch,Morgana,Rumble,Ezreal,Neeko",2932454987,0
818,"Yasuo,Malphite,Kayn,Kaisa,Irelia,Rumble,Darius,Kindred,TahmKench,Sivir",2932388816,1
819,"Ahri,Sivir,Thresh,Graves,Irelia,Fiora,Rumble,Lucian,Khazix,Pyke",2932358428,1
820,"Annie,Camille,Janna,Lucian,Akali,LeeSin,Sivir,Thresh,Yasuo,Sion",2930752597,0
821,"Pantheon,Sion,Neeko,Zoe,Lucian,LeeSin,Jayce,Jhin,Viktor,Velkoz",2930738841,0
822,"Neeko,Pantheon,Jayce,Cassiopeia,Tristana,Leblanc,Lucian,Lux,Udyr,Sion",2930715783,1
823,"Zyra,Evelynn,Jhin,Ahri,Sion,Gnar,Yasuo,Lucian,Volibear,Morgana",2930565251,0
824,"Graves,Fiora,Yasuo,Ezreal,Karma,Nunu,Neeko,Draven,Jayce,Fizz",2930539088,1
825,"Lucian,Camille,Ahri,Shaco,Nami,Zed,Aatrox,Vayne,Nunu,Morgana",2930546062,1
826,"Vayne,Ahri,Fiora,Hecarim,Alistar,Aatrox,Kaisa,Xerath,Khazix,Pyke",2930365768,1
827,"Garen,Teemo,Ezreal,Leblanc,Kindred,Thresh,Zoe,Vayne,Sion,LeeSin",2929612698,1
828,"Jayce,Velkoz,Camille,Zed,Syndra,Graves,Irelia,Thresh,Heimerdinger,Viktor",2928957339,1
829,"Volibear,Jhin,Swain,Nunu,Lux,Rengar,Aatrox,Neeko,Thresh,Quinn",2928896190,1
830,"Karma,Udyr,Kaisa,Riven,Zoe,Alistar,Jayce,Vayne,Cassiopeia,Camille",2932917556,1
831,"Khazix,Viktor,Riven,Vayne,Nami,Lulu,Rammus,Ezreal,Jayce,Zoe",2932266059,1
832,"Warwick,Sion,TwistedFate,Lucian,Nami,Jinx,Karthus,Poppy,Jayce,Rakan",2931644193,0
833,"Darius,Nocturne,Kaisa,Jayce,Alistar,LeeSin,Ezreal,Thresh,Zilean,Gragas",2931635613,1
834,"Riven,Jayce,Kaisa,Leona,Pantheon,Graves,Zed,Twitch,Nautilus,Jax",2923901519,1
835,"Graves,Viktor,Kaisa,Katarina,Brand,Yasuo,Leona,Jayce,Khazix,Heimerdinger",2921698822,1
836,"Vladimir,Orianna,Amumu,Leona,Akali,Riven,Ahri,Kayn,Yasuo,Pyke",2920902790,1
837,"Syndra,Pyke,Twitch,Singed,Lucian,Nidalee,Alistar,Riven,Jayce,Yasuo",2920876568,0
838,"Ahri,Kaisa,Shaco,Taric,Yasuo,Graves,Janna,Jhin,Riven,Ekko",2918694087,1
839,"Rengar,Jayce,Draven,Thresh,Garen,Xerath,Jhin,Camille,Irelia,Nami",2918631290,1
840,"Yasuo,Singed,Jhin,XinZhao,Lux,Thresh,Xayah,Ekko,Shyvana,Sion",2915686149,0
841,"Camille,Ashe,Leblanc,Thresh,Singed,Syndra,Alistar,XinZhao,Teemo,Lucian",2897012792,0
842,"Ashe,Thresh,Graves,Urgot,Ahri,Braum,Nasus,Lucian,Khazix,Lux",2895009852,0
843,"Camille,Lucian,Singed,Braum,Viktor,Janna,Nidalee,Talon,Malphite,Jhin",2890184319,0
844,"Taliyah,Nidalee,Bard,Lucian,Nasus,Kassadin,Karthus,Camille,Yasuo,Thresh",2879971529,0
845,"Nidalee,Kassadin,Xayah,Zilean,Darius,Morgana,Kaisa,Rammus,Talon,Singed",2879554974,0
846,"Leblanc,Singed,Nidalee,Yasuo,Rakan,Morgana,Pantheon,Ryze,Kaisa,Kindred",2854121765,0
847,"Khazix,Lux,Lucian,Pyke,Nasus,Jayce,Jhin,Thresh,Lissandra,Rammus",2851753176,0
848,"Nasus,Syndra,Bard,Rammus,Vayne,Kaisa,Gragas,Vladimir,Nami,Garen",2851724125,0
849,"Singed,Graves,Annie,Soraka,Kaisa,Poppy,Irelia,Jhin,Rumble,Morgana",2851657623,0
850,"Talon,Riven,Heimerdinger,Zyra,LeeSin,Xerath,Khazix,Draven,Jax,Thresh",2908793279,1
851,"Thresh,Yasuo,Garen,Annie,LeeSin,Graves,Lux,Rammus,Heimerdinger,Zyra",2905313191,0
852,"Fiora,Heimerdinger,Velkoz,Taliyah,Kayn,Jayce,Twitch,Sion,LeeSin,Kennen",2905292147,0
853,"XinZhao,Kaisa,Ekko,Sion,Nami,Heimerdinger,Zyra,Graves,Yasuo,Akali",2905289564,1
854,"Khazix,Thresh,Leblanc,Sivir,Fiora,Heimerdinger,Zyra,Graves,Zed,Rengar",2905265825,1
855,"Caitlyn,Darius,Khazix,Lissandra,Brand,Shaco,Talon,Urgot,Jhin,Zyra",2905244729,1
856,"Yasuo,Camille,Elise,Heimerdinger,Zyra,Ornn,Xayah,Alistar,Ahri,Khazix",2905157492,0
857,"Fiddlesticks,Ashe,Riven,XinZhao,Malzahar,Heimerdinger,Zyra,Kayn,Kassadin,Karthus",2905118853,1
858,"Leblanc,LeeSin,Malphite,Zyra,Kaisa,Graves,Anivia,Renekton,Lucian,Thresh",2903660709,0
859,"Ezreal,Viktor,Ahri,Zyra,Gragas,Camille,Leblanc,Jhin,Illaoi,Bard",2901458508,1
860,"JarvanIV,Lucian,TahmKench,LeeSin,Aatrox,Gragas,Leblanc,Kaisa,Jayce,Sona",2926205208,1
861,"Bard,Khazix,TwistedFate,Ezreal,Riven,Evelynn,Thresh,Syndra,Jhin,Singed",2925521540,1
862,"Shen,LeeSin,Jhin,Braum,Cassiopeia,Ezreal,Leona,Gragas,Xerath,Elise",2924480143,1
863,"Gragas,LeeSin,Anivia,Jhin,Pyke,Nidalee,Kled,Ezreal,TwistedFate,Leona",2924423531,1
864,"XinZhao,Jhin,Swain,Zilean,Irelia,Tristana,Udyr,Syndra,Taric,Gangplank",2897515044,1
865,"Viktor,Gragas,Bard,Jhin,Leblanc,Vayne,Graves,Zilean,Talon,Ekko",2896713871,1
866,"Singed,Veigar,Alistar,Vayne,Warwick,Braum,LeeSin,Kassadin,Gangplank,Jhin",2885765161,0
867,"Alistar,Aatrox,Amumu,Kaisa,Galio,MonkeyKing,Velkoz,Jhin,Khazix,Gragas",2867434944,1
868,"Irelia,Swain,Graves,Yasuo,Gragas,Pyke,Draven,Leblanc,Kindred,Fiora",2862928913,0
869,"Alistar,Ryze,Taliyah,Kled,Yasuo,Velkoz,Warwick,Fiora,Pyke,Mordekaiser",2862916365,1
870,"Pyke,Lucian,Gangplank,Neeko,Taliyah,Nocturne,Ezreal,Yasuo,Lux,Swain",2931348762,1
871,"Teemo,Lux,Nidalee,Lucian,Sona,Janna,Leblanc,Draven,Camille,Chogath",2927235231,0
872,"Sona,LeeSin,Lucian,Aatrox,Riven,TwistedFate,Graves,Pyke,Xayah,Poppy",2926493760,1
873,"Riven,Neeko,Jhin,Pyke,Nunu,Leblanc,Jayce,Blitzcrank,Kaisa,Trundle",2926362413,0
874,"Zoe,Tristana,LeeSin,Thresh,Gnar,Jhin,Aatrox,Katarina,Soraka,XinZhao",2926236201,0
875,"Jhin,Riven,Lux,Leblanc,Gragas,Pyke,Heimerdinger,Jinx,Rengar,Xerath",2926132731,0
876,"Fiddlesticks,Ezreal,Lux,Camille,Jax,Yasuo,Lucian,Galio,Kindred,Singed",2926017533,1
877,"Alistar,Urgot,Karthus,Kayn,Jhin,Gnar,Pyke,MissFortune,Hecarim,Ahri",2925511304,0
878,"Sivir,Pyke,Gragas,Kayle,Xerath,Yasuo,LeeSin,Zyra,Ashe,Lux",2923344513,1
879,"Pyke,Swain,Orianna,Rengar,Riven,Akali,Aatrox,Jhin,Xerath,Poppy",2923180813,1
880,"Kaisa,Thresh,Lux,Jax,Rengar,Urgot,Fizz,Udyr,Alistar,Lucian",2904492440,0
881,"Janna,Camille,Sion,Lucian,Xerath,Graves,Fizz,Chogath,Pyke,Xayah",2899780182,0
882,"Fizz,Warwick,Rakan,Chogath,Sivir,Thresh,Ashe,Poppy,JarvanIV,Kassadin",2899755760,1
883,"Irelia,Fiora,Brand,Lucian,XinZhao,Taric,Jhin,Fizz,Chogath,Khazix",2899573769,1
884,"Sivir,Pantheon,Fizz,Chogath,Thresh,Morgana,Graves,TwistedFate,Kaisa,Gangplank",2898114133,1
885,"XinZhao,Fizz,Garen,Vayne,Leona,MonkeyKing,Kaisa,Braum,Zac,Viktor",2895990322,1
886,"Pantheon,Sona,Caitlyn,Fizz,Chogath,Braum,Kaisa,Lissandra,XinZhao,Ekko",2895953831,0
887,"Graves,Zoe,Sion,Cassiopeia,Leona,Viktor,Jhin,Braum,Fizz,Nidalee",2895917533,0
888,"Kaisa,Sion,Lissandra,Alistar,XinZhao,Lulu,Pantheon,Lucian,Trundle,Fizz",2892538304,0
889,"XinZhao,Ezreal,Brand,Ryze,Poppy,Alistar,Darius,Anivia,LeeSin,Lucian",2892531707,0
890,"XinZhao,Akali,Lucian,Neeko,Camille,Twitch,Riven,Soraka,Evelynn,Morgana",2929551522,0
891,"Janna,Nidalee,Jax,Twitch,KogMaw,Singed,Vladimir,LeeSin,Xayah,Rakan",2929483052,0
892,"JarvanIV,Zyra,Draven,Fiora,Akali,Ahri,Shaco,Leona,Teemo,Lucian",2927325687,1
893,"Thresh,Tryndamere,Kaisa,Kayn,Neeko,Aatrox,LeeSin,Lucian,Lissandra,Velkoz",2927285969,1
894,"MonkeyKing,Fizz,Soraka,Talon,Ezreal,Sona,Urgot,Amumu,Neeko,Lucian",2927254984,0
895,"Riven,XinZhao,Zyra,Caitlyn,Zed,Bard,Ezreal,Zoe,Khazix,Tryndamere",2927226666,1
896,"Thresh,Karma,Riven,Lucian,LeeSin,Taric,Ahri,Ashe,Jayce,Shaco",2919770168,0
897,"Yasuo,Ryze,Twitch,Nami,Lucian,Kaisa,Thresh,MonkeyKing,Maokai,Ekko",2894255961,1
898,"Draven,LeeSin,Fiora,Xerath,Thresh,Lucian,Blitzcrank,Irelia,Yasuo,Graves",2894259800,0
899,"Graves,Rakan,Maokai,Fizz,Xayah,Leblanc,Gangplank,Varus,Ivern,TahmKench",2883584059,1
900,"Poppy,JarvanIV,Lucian,Nami,TwistedFate,Thresh,Sion,Viktor,Amumu,Sivir",2884106205,0
901,"Alistar,Khazix,Lucian,Velkoz,Camille,Urgot,Ivern,Viktor,Nautilus,Kaisa",2883649472,0
902,"Riven,Akali,Nocturne,Leona,Quinn,Morgana,Lucian,Karthus,XinZhao,Kennen",2883603035,1
903,"Fiora,Lucian,Akali,Pyke,Udyr,Thresh,Kindred,Jhin,Vladimir,Riven",2883572000,0
904,"Rumble,Camille,Thresh,Kindred,Lucian,Nunu,Karthus,Vayne,Kled,Alistar",2883543652,0
905,"Thresh,Ahri,Lucian,Poppy,Warwick,Jayce,Yasuo,Varus,Gragas,Pyke",2882954368,1
906,"LeeSin,Kaisa,Urgot,Sona,TwistedFate,Lulu,Jax,Kassadin,Twitch,Warwick",2882905014,0
907,"Lulu,Lissandra,Sejuani,Varus,Sion,Ahri,Jax,MasterYi,Morgana,Caitlyn",2882884133,1
908,"Sion,Nidalee,Tristana,Vladimir,Blitzcrank,Lucian,Tryndamere,Karma,Evelynn,Ryze",2882537503,0
909,"Katarina,Teemo,Lucian,Nidalee,Pyke,Veigar,Aatrox,Leblanc,Shyvana,Jhin",2882453441,0
910,"Caitlyn,Ahri,Soraka,Trundle,Kayn,TwistedFate,Nami,Tristana,Teemo,Nidalee",2907115976,1
911,"Sion,TwistedFate,Soraka,Lucian,Rengar,Nidalee,Pyke,Urgot,Cassiopeia,Varus",2907113730,1
912,"Gnar,Vayne,Syndra,Sona,Jax,Bard,Vi,Viktor,Leblanc,Kaisa",2907102354,1
913,"Karthus,Lucian,Malzahar,Graves,Blitzcrank,Caitlyn,Swain,Heimerdinger,Soraka,Rammus",2907098135,0
914,"Shaco,Rakan,Gnar,Zoe,Xayah,Soraka,Ekko,Viktor,Diana,Ezreal",2907075479,0
915,"Sivir,Leblanc,Sion,Soraka,Ekko,Camille,Aatrox,Lissandra,Rakan,Xayah",2907089856,0
916,"Aatrox,Soraka,Ekko,Lucian,Kassadin,Camille,Nunu,Kaisa,Braum,Talon",2907053060,0
917,"Jhin,Brand,Renekton,Katarina,XinZhao,Soraka,Camille,MissFortune,Mordekaiser,Singed",2907016940,0
918,"Nami,Aatrox,Lucian,Corki,Camille,Jinx,Graves,Ahri,Soraka,Garen",2907004274,0
919,"Leblanc,Lucian,Soraka,Ekko,Gangplank,Aatrox,Rakan,Lissandra,Kaisa,XinZhao",2906966976,0
920,"Ezreal,Pyke,Camille,Lissandra,Nidalee,Fizz,Ashe,Janna,Neeko,Aatrox",2932961740,1
921,"Kayn,Ezreal,Lissandra,Velkoz,Cassiopeia,Sion,Jax,Kaisa,Janna,Annie",2932925785,1
922,"Zed,Ashe,Thresh,Urgot,Shyvana,Nasus,Nami,RekSai,Yasuo,Ezreal",2923705351,1
923,"LeeSin,TwistedFate,Fiddlesticks,Fiora,MissFortune,Lissandra,Riven,Ezreal,Katarina,Udyr",2923692007,1
924,"Orianna,Ezreal,Bard,Nunu,Sion,Velkoz,Chogath,MissFortune,Udyr,Aatrox",2923652930,1
925,"Aatrox,Morgana,MasterYi,Ezreal,Ryze,Pyke,Kindred,Swain,Renekton,Zyra",2923624016,0
926,"Renekton,Graves,TwistedFate,Alistar,Tristana,Viktor,XinZhao,Irelia,Kaisa,Braum",2923606766,1
927,"Leblanc,Ezreal,Lux,Nocturne,Lissandra,Zyra,Leona,Zed,LeeSin,Nasus",2923576436,0
928,"Janna,Yorick,Vayne,Jax,Mordekaiser,Khazix,Swain,Lucian,Darius,Thresh",2923535203,1
929,"Yasuo,Lux,Camille,Viktor,Leblanc,Garen,LeeSin,Zac,TwistedFate,Ezreal",2923025143,0
930,"Galio,Camille,Ezreal,Darius,Blitzcrank,Ahri,Garen,Sejuani,Kaisa,Morgana",2888573852,1
931,"Akali,Talon,Ezreal,Velkoz,Graves,Gangplank,Khazix,Ekko,Varus,Blitzcrank",2875540769,0
932,"Kaisa,Gragas,XinZhao,Pyke,Blitzcrank,Vladimir,Graves,Leona,Sivir,Irelia",2875513803,1
933,"Thresh,Yasuo,Jhin,Akali,Elise,Kindred,Blitzcrank,Tristana,Ahri,Azir",2875511366,1
934,"Kaisa,Blitzcrank,Jax,MasterYi,Nunu,Braum,Ahri,Lucian,Galio,Kayn",2875498759,0
935,"Zed,Yorick,Blitzcrank,Graves,Kaisa,Ashe,Jayce,Singed,Ornn,Kindred",2875507227,1
936,"Sion,Nami,Kayn,Katarina,Kaisa,Blitzcrank,Renekton,Karma,MasterYi,Teemo",2858944943,0
937,"Velkoz,Leona,Khazix,Lucian,Riven,Aatrox,Zilean,Jhin,Rengar,Karma",2858899218,0
938,"Hecarim,Tryndamere,Thresh,MissFortune,Talon,Irelia,Lucian,Jax,Blitzcrank,Ahri",2858847005,0
939,"Camille,Leblanc,Urgot,Blitzcrank,MissFortune,Singed,Tristana,Hecarim,Galio,Pyke",2858792077,0
940,"Brand,Sion,Xerath,Taliyah,Kalista,Ashe,Fiora,LeeSin,Ahri,Soraka",2895175142,0
941,"Ezreal,Khazix,Shen,Ekko,Fiddlesticks,Irelia,LeeSin,Gragas,Jayce,Lucian",2894816767,0
942,"Heimerdinger,Velkoz,Tryndamere,Ahri,Nocturne,MonkeyKing,LeeSin,Kaisa,Ekko,Fiddlesticks",2894779223,1
943,"Nasus,Heimerdinger,Morgana,Graves,Leblanc,JarvanIV,Thresh,Kaisa,Ekko,LeeSin",2894770213,0
944,"Vladimir,Ezreal,Graves,Alistar,Sion,Zyra,Ekko,LeeSin,Garen,Jhin",2894752598,1
945,"Ekko,LeeSin,Morgana,Viktor,Jhin,Zoe,Aatrox,Lulu,Varus,Gragas",2894712994,0
946,"Nami,XinZhao,Malzahar,Sivir,Aatrox,JarvanIV,Blitzcrank,Xayah,Xerath,Singed",2894201693,0
947,"Sona,Leblanc,Jinx,XinZhao,Viktor,Kaisa,LeeSin,Zed,Nasus,Velkoz",2893568569,0
948,"XinZhao,Rakan,Sivir,Veigar,Viktor,Zed,Leblanc,Ezreal,Kayle,Nocturne",2893564445,0
949,"Graves,Yasuo,Singed,Xayah,Pyke,Lucian,Leblanc,LeeSin,Brand,Tryndamere",2893528033,0
950,"Malzahar,Urgot,Morgana,Draven,Volibear,Kayn,Katarina,Pyke,Sivir,Shen",2890495306,0
951,"Aatrox,Zilean,Ahri,DrMundo,Tristana,Akali,Trundle,Thresh,Maokai,Vayne",2889122054,1
952,"Thresh,Urgot,Draven,JarvanIV,Diana,Lucian,Zyra,Kennen,Trundle,Irelia",2881973117,1
953,"Nami,Yasuo,Aatrox,XinZhao,Sivir,Lucian,Hecarim,Syndra,Jax,Lulu",2881943981,1
954,"Tristana,Camille,Vladimir,Bard,Malphite,Nami,Lucian,Galio,Gragas,Jax",2881922260,0
955,"Fizz,Morgana,Rumble,MissFortune,XinZhao,Graves,Ekko,Varus,Thresh,Darius",2881844844,0
956,"MasterYi,Ezreal,Braum,Jax,Annie,Leona,Trundle,Leblanc,Garen,Lucian",2879238596,1
957,"Viktor,Hecarim,Camille,Pyke,Vayne,AurelionSol,Kaisa,Trundle,Aatrox,Janna",2874871461,1
958,"Taliyah,Lucian,Sona,Talon,AurelionSol,Renekton,Jinx,Galio,XinZhao,Janna",2874666492,0
959,"Karma,Kaisa,Ahri,Malphite,Hecarim,Nami,Aatrox,Lucian,Rakan,Jax",2870536583,0
960,"TwistedFate,Aatrox,Draven,Thresh,JarvanIV,Udyr,Karma,Lucian,Kled,Zoe",2896047779,0
961,"Hecarim,MissFortune,Ahri,Fiddlesticks,Akali,Gnar,Ezreal,LeeSin,Kassadin,Janna",2879154977,0
962,"Hecarim,Syndra,TahmKench,Ezreal,Yasuo,Alistar,Irelia,XinZhao,Velkoz,Lucian",2879141334,0
963,"Hecarim,Rakan,Kaisa,Irelia,Jayce,Gnar,Ahri,Pyke,Sejuani,Twitch",2879117032,1
964,"Garen,Blitzcrank,Ahri,Tristana,Warwick,Pyke,Hecarim,Irelia,Caitlyn,Anivia",2879121782,1
965,"Fizz,Fiora,Morgana,Kaisa,Hecarim,Kassadin,Graves,Sion,Gragas,Lucian",2879098896,1
966,"Ashe,Nautilus,Hecarim,Brand,Annie,Janna,Zyra,Urgot,Taliyah,Tristana",2879016908,0
967,"Zyra,Hecarim,Lux,Sion,Lucian,DrMundo,Leblanc,Nami,XinZhao,Jinx",2879005377,0
968,"Kaisa,Riven,Azir,Thresh,Hecarim,Lulu,Heimerdinger,Gangplank,Twitch,Urgot",2879010911,0
969,"Nautilus,AurelionSol,Sion,Jhin,Hecarim,Darius,Evelynn,Orianna,Alistar,Tristana",2878967101,1
970,"Cassiopeia,Rammus,Illaoi,Zilean,Caitlyn,Gangplank,Lux,Kayn,Malphite,MissFortune",2905428212,0
971,"Amumu,Kaisa,TwistedFate,Sona,Sion,Rammus,Zilean,Yasuo,Vayne,Alistar",2905432605,0
972,"Rammus,Zilean,Velkoz,Draven,Camille,Sona,Jhin,Mordekaiser,Aatrox,Kayn",2905407812,1
973,"Ezreal,Karthus,Rammus,Zilean,Leona,Zed,Lissandra,MissFortune,Thresh,Amumu",2905191710,0
974,"Mordekaiser,Camille,Leona,Lucian,Jayce,Sivir,Singed,Thresh,Rammus,Zilean",2905162073,1
975,"Riven,Jhin,Karma,Rammus,Zilean,LeeSin,Jax,Kaisa,Malzahar,Lux",2905114075,0
976,"Rammus,Zilean,Viktor,Leona,Lucian,MonkeyKing,TwistedFate,Kaisa,Lux,Chogath",2905094017,0
977,"Akali,Lulu,Kaisa,Rammus,Zilean,Shyvana,Soraka,Jax,Annie,Jinx",2905051265,0
978,"Kaisa,Nasus,Rammus,MonkeyKing,Zyra,Draven,Blitzcrank,LeeSin,Annie,Teemo",2905030515,0
979,"Fiora,Zoe,Rakan,Jhin,Kayn,Akali,Lulu,Twitch,MasterYi,Zilean",2904979663,0
